Variable,Lag Length,Lag,ACF Value,ACF Conf Int Low,ACF Conf Int High,PACF Value,PACF Conf Int Low,PACF Conf Int High
3M TBill SA,5,0,1.0,-0.18603496716748982,0.18603496716748982,1.0,-0.18603496716748982,0.18603496716748982
3M TBill SA,5,1,-0.048531187481260514,-0.18603496716748982,0.18603496716748982,-0.04897238009472653,-0.18603496716748982,0.18603496716748982
3M TBill SA,5,2,-0.009261804045877947,-0.18603496716748982,0.18603496716748982,-0.011858479537127256,-0.18603496716748982,0.18603496716748982
3M TBill SA,5,3,-0.041600682374308265,-0.18603496716748982,0.18603496716748982,-0.04391585115978599,-0.18603496716748982,0.18603496716748982
3M TBill SA,5,4,0.050098309225156706,-0.18603496716748982,0.18603496716748982,0.04776025593771039,-0.18603496716748982,0.18603496716748982
3M TBill SA,5,5,0.04618722770641611,-0.18603496716748982,0.18603496716748982,0.052589230385653704,-0.18603496716748982,0.18603496716748982
3M TBill SA,5,6,-0.09820129561768957,-0.18603496716748982,0.18603496716748982,-0.10043768597224657,-0.18603496716748982,0.18603496716748982
3M TBill SA,5,7,0.06490687923056015,-0.18603496716748982,0.18603496716748982,0.06613292548352041,-0.18603496716748982,0.18603496716748982
3M TBill SA,5,8,-0.130574693800643,-0.18603496716748982,0.18603496716748982,-0.13830449982375945,-0.18603496716748982,0.18603496716748982
3M TBill SA,5,9,-0.02785923617064903,-0.18603496716748982,0.18603496716748982,-0.05496147475586873,-0.18603496716748982,0.18603496716748982
3M TBill SA,5,10,0.12935326502205016,-0.18603496716748982,0.18603496716748982,0.15669031486771906,-0.18603496716748982,0.18603496716748982
3M TBill SA,5,11,-0.09494700385328451,-0.18603496716748982,0.18603496716748982,-0.11536655326065709,-0.18603496716748982,0.18603496716748982
3M TBill SA,5,12,-0.02106338902940102,-0.18603496716748982,0.18603496716748982,-0.032349699755970594,-0.18603496716748982,0.18603496716748982
3M TBill SA,5,13,-0.12110999371465112,-0.18603496716748982,0.18603496716748982,-0.0998687123601234,-0.18603496716748982,0.18603496716748982
3M TBill SA,5,14,-0.035437988912284196,-0.18603496716748982,0.18603496716748982,-0.11940707417311314,-0.18603496716748982,0.18603496716748982
3M TBill SA,5,15,-0.06723781949898516,-0.18603496716748982,0.18603496716748982,-0.07868198888029475,-0.18603496716748982,0.18603496716748982
3M TBill SA,5,16,0.011237852343978958,-0.18603496716748982,0.18603496716748982,0.02236355616026036,-0.18603496716748982,0.18603496716748982
3M TBill SA,5,17,-0.0010850992302420313,-0.18603496716748982,0.18603496716748982,-0.053276228994541555,-0.18603496716748982,0.18603496716748982
3M TBill SA,5,18,-0.057001858720797126,-0.18603496716748982,0.18603496716748982,-0.014118344858751453,-0.18603496716748982,0.18603496716748982
3M TBill SA,5,19,0.03868072651914685,-0.18603496716748982,0.18603496716748982,0.02225308309314931,-0.18603496716748982,0.18603496716748982
3M TBill SA,5,20,-0.042711175341587394,-0.18603496716748982,0.18603496716748982,-0.10674581004538776,-0.18603496716748982,0.18603496716748982
US CPI SA,5,0,1.0,-0.18603496716748982,0.18603496716748982,1.0,-0.18603496716748982,0.18603496716748982
US CPI SA,5,1,-0.020513418470907718,-0.18603496716748982,0.18603496716748982,-0.02069990409337054,-0.18603496716748982,0.18603496716748982
US CPI SA,5,2,0.015899713025808622,-0.18603496716748982,0.18603496716748982,0.0157697219555651,-0.18603496716748982,0.18603496716748982
US CPI SA,5,3,0.09329321104367048,-0.18603496716748982,0.18603496716748982,0.09660640561825753,-0.18603496716748982,0.18603496716748982
US CPI SA,5,4,-0.026852351743924436,-0.18603496716748982,0.18603496716748982,-0.024287013449701994,-0.18603496716748982,0.18603496716748982
US CPI SA,5,5,0.054999914317290344,-0.18603496716748982,0.18603496716748982,0.053819023454783566,-0.18603496716748982,0.18603496716748982
US CPI SA,5,6,0.025367044354271482,-0.18603496716748982,0.18603496716748982,0.020882255465253942,-0.18603496716748982,0.18603496716748982
US CPI SA,5,7,0.06318245573576325,-0.18603496716748982,0.18603496716748982,0.07258799434094872,-0.18603496716748982,0.18603496716748982
US CPI SA,5,8,-0.18637769642208135,-0.18603496716748982,0.18603496716748982,-0.21405081213368474,-0.18603496716748982,0.18603496716748982
US CPI SA,5,9,-0.09390792333430655,-0.18603496716748982,0.18603496716748982,-0.11836206795168054,-0.18603496716748982,0.18603496716748982
US CPI SA,5,10,-0.050662145600323304,-0.18603496716748982,0.18603496716748982,-0.07535910803592004,-0.18603496716748982,0.18603496716748982
US CPI SA,5,11,-0.015887979714878625,-0.18603496716748982,0.18603496716748982,0.026652610670671054,-0.18603496716748982,0.18603496716748982
US CPI SA,5,12,-0.0816184004263808,-0.18603496716748982,0.18603496716748982,-0.09587895009872228,-0.18603496716748982,0.18603496716748982
US CPI SA,5,13,-0.02989000736091365,-0.18603496716748982,0.18603496716748982,-0.011139150033870008,-0.18603496716748982,0.18603496716748982
US CPI SA,5,14,0.09820839245264655,-0.18603496716748982,0.18603496716748982,0.14250217642957086,-0.18603496716748982,0.18603496716748982
US CPI SA,5,15,0.08073392894125163,-0.18603496716748982,0.18603496716748982,0.1890301279164315,-0.18603496716748982,0.18603496716748982
US CPI SA,5,16,-0.16880045807654734,-0.18603496716748982,0.18603496716748982,-0.24737525207265118,-0.18603496716748982,0.18603496716748982
US CPI SA,5,17,0.1449905389917661,-0.18603496716748982,0.18603496716748982,0.12435321723374462,-0.18603496716748982,0.18603496716748982
US CPI SA,5,18,-0.02099942577249684,-0.18603496716748982,0.18603496716748982,-0.06765937741845712,-0.18603496716748982,0.18603496716748982
US CPI SA,5,19,0.0034443541932372293,-0.18603496716748982,0.18603496716748982,0.05153694499828399,-0.18603496716748982,0.18603496716748982
US CPI SA,5,20,0.0344012013997868,-0.18603496716748982,0.18603496716748982,-0.1210432699258347,-0.18603496716748982,0.18603496716748982
US IP SA,5,0,1.0,-0.18603496716748982,0.18603496716748982,1.0,-0.18603496716748982,0.18603496716748982
US IP SA,5,1,0.08890050849071211,-0.18603496716748982,0.18603496716748982,0.08970869493153681,-0.18603496716748982,0.18603496716748982
US IP SA,5,2,-0.08768782469782804,-0.18603496716748982,0.18603496716748982,-0.09813417504456387,-0.18603496716748982,0.18603496716748982
US IP SA,5,3,-0.004887985611980483,-0.18603496716748982,0.18603496716748982,0.012801864917701196,-0.18603496716748982,0.18603496716748982
US IP SA,5,4,-0.09171839954280897,-0.18603496716748982,0.18603496716748982,-0.10656274199141536,-0.18603496716748982,0.18603496716748982
US IP SA,5,5,0.08515152796440101,-0.18603496716748982,0.18603496716748982,0.11316231491812516,-0.18603496716748982,0.18603496716748982
US IP SA,5,6,0.019594698482726436,-0.18603496716748982,0.18603496716748982,-0.021493789576980765,-0.18603496716748982,0.18603496716748982
US IP SA,5,7,-0.19222254158249397,-0.18603496716748982,0.18603496716748982,-0.19009789956170697,-0.18603496716748982,0.18603496716748982
US IP SA,5,8,-0.2576034074037782,-0.18603496716748982,0.18603496716748982,-0.26771095918796656,-0.18603496716748982,0.18603496716748982
US IP SA,5,9,-0.059111463237325905,-0.18603496716748982,0.18603496716748982,-0.041654861509882034,-0.18603496716748982,0.18603496716748982
US IP SA,5,10,0.07877063782742583,-0.18603496716748982,0.18603496716748982,0.04863599906489346,-0.18603496716748982,0.18603496716748982
US IP SA,5,11,-0.057588481084751654,-0.18603496716748982,0.18603496716748982,-0.1352291829497401,-0.18603496716748982,0.18603496716748982
US IP SA,5,12,-0.04147418294366561,-0.18603496716748982,0.18603496716748982,-0.06228395436953924,-0.18603496716748982,0.18603496716748982
US IP SA,5,13,-0.02915198799620188,-0.18603496716748982,0.18603496716748982,-0.015451128352864248,-0.18603496716748982,0.18603496716748982
US IP SA,5,14,-0.020077778303604073,-0.18603496716748982,0.18603496716748982,-0.04018227014376526,-0.18603496716748982,0.18603496716748982
US IP SA,5,15,0.039772890083789696,-0.18603496716748982,0.18603496716748982,-0.11176119066092269,-0.18603496716748982,0.18603496716748982
US IP SA,5,16,-0.057435182686184694,-0.18603496716748982,0.18603496716748982,-0.2004924916041501,-0.18603496716748982,0.18603496716748982
US IP SA,5,17,0.10154836237076638,-0.18603496716748982,0.18603496716748982,0.14875113144219712,-0.18603496716748982,0.18603496716748982
US IP SA,5,18,0.1113832009553607,-0.18603496716748982,0.18603496716748982,0.11346589744924591,-0.18603496716748982,0.18603496716748982
US IP SA,5,19,0.031336122299786585,-0.18603496716748982,0.18603496716748982,-0.03269721187252625,-0.18603496716748982,0.18603496716748982
US IP SA,5,20,0.008618843224618497,-0.18603496716748982,0.18603496716748982,-0.09207137694187399,-0.18603496716748982,0.18603496716748982
US Unemployment SA,5,0,1.0,-0.18603496716748982,0.18603496716748982,1.0,-0.18603496716748982,0.18603496716748982
US Unemployment SA,5,1,-0.0696036197496705,-0.18603496716748982,0.18603496716748982,-0.07023637992921293,-0.18603496716748982,0.18603496716748982
US Unemployment SA,5,2,-0.09430954457945201,-0.18603496716748982,0.18603496716748982,-0.10147372903584093,-0.18603496716748982,0.18603496716748982
US Unemployment SA,5,3,-0.01119450743026988,-0.18603496716748982,0.18603496716748982,-0.026464315125551703,-0.18603496716748982,0.18603496716748982
US Unemployment SA,5,4,-0.17345557311595824,-0.18603496716748982,0.18603496716748982,-0.19576846770119935,-0.18603496716748982,0.18603496716748982
US Unemployment SA,5,5,4.914608479311075e-05,-0.18603496716748982,0.18603496716748982,-0.036459485853541064,-0.18603496716748982,0.18603496716748982
US Unemployment SA,5,6,-0.027747859208061724,-0.18603496716748982,0.18603496716748982,-0.07837536422924005,-0.18603496716748982,0.18603496716748982
US Unemployment SA,5,7,-0.014474344402494992,-0.18603496716748982,0.18603496716748982,-0.04193243385364361,-0.18603496716748982,0.18603496716748982
US Unemployment SA,5,8,-0.15861557428275191,-0.18603496716748982,0.18603496716748982,-0.24101619633929425,-0.18603496716748982,0.18603496716748982
US Unemployment SA,5,9,0.272205863336332,-0.18603496716748982,0.18603496716748982,0.2683443255882332,-0.18603496716748982,0.18603496716748982
US Unemployment SA,5,10,0.06373344507782405,-0.18603496716748982,0.18603496716748982,0.0380147007891039,-0.18603496716748982,0.18603496716748982
US Unemployment SA,5,11,-0.08577129495627835,-0.18603496716748982,0.18603496716748982,-0.04703701699994903,-0.18603496716748982,0.18603496716748982
US Unemployment SA,5,12,-0.0675385361869125,-0.18603496716748982,0.18603496716748982,-0.1663276820665821,-0.18603496716748982,0.18603496716748982
US Unemployment SA,5,13,-0.0780910584626865,-0.18603496716748982,0.18603496716748982,0.004988806244922726,-0.18603496716748982,0.18603496716748982
US Unemployment SA,5,14,0.03873887684608491,-0.18603496716748982,0.18603496716748982,0.013692876961371406,-0.18603496716748982,0.18603496716748982
US Unemployment SA,5,15,-0.007096942182512255,-0.18603496716748982,0.18603496716748982,-0.030955738331359187,-0.18603496716748982,0.18603496716748982
US Unemployment SA,5,16,-0.07418999560637717,-0.18603496716748982,0.18603496716748982,-0.1958190870827902,-0.18603496716748982,0.18603496716748982
US Unemployment SA,5,17,-0.07036026166209167,-0.18603496716748982,0.18603496716748982,-0.02248577068631907,-0.18603496716748982,0.18603496716748982
US Unemployment SA,5,18,0.07045282348114362,-0.18603496716748982,0.18603496716748982,-0.008458488109028273,-0.18603496716748982,0.18603496716748982
US Unemployment SA,5,19,0.08053583301290228,-0.18603496716748982,0.18603496716748982,0.015046055513377907,-0.18603496716748982,0.18603496716748982
US Unemployment SA,5,20,-0.06959521311701665,-0.18603496716748982,0.18603496716748982,-0.18986410852820743,-0.18603496716748982,0.18603496716748982
USDebt SA,5,0,1.0,-0.18603496716748982,0.18603496716748982,1.0,-0.18603496716748982,0.18603496716748982
USDebt SA,5,1,-0.05072629133629019,-0.18603496716748982,0.18603496716748982,-0.05118743943934737,-0.18603496716748982,0.18603496716748982
USDebt SA,5,2,0.014590926146888398,-0.18603496716748982,0.18603496716748982,0.012270646589278742,-0.18603496716748982,0.18603496716748982
USDebt SA,5,3,-0.03474907137594956,-0.18603496716748982,0.18603496716748982,-0.03443036031536084,-0.18603496716748982,0.18603496716748982
USDebt SA,5,4,-0.07479434423190177,-0.18603496716748982,0.18603496716748982,-0.08162247224448868,-0.18603496716748982,0.18603496716748982
USDebt SA,5,5,-0.07989660352101714,-0.18603496716748982,0.18603496716748982,-0.09194594859746302,-0.18603496716748982,0.18603496716748982
USDebt SA,5,6,-0.035804084021856364,-0.18603496716748982,0.18603496716748982,-0.047967770924845846,-0.18603496716748982,0.18603496716748982
USDebt SA,5,7,0.1539861169695153,-0.18603496716748982,0.18603496716748982,0.15839577902367522,-0.18603496716748982,0.18603496716748982
USDebt SA,5,8,-0.2331742060561192,-0.18603496716748982,0.18603496716748982,-0.2559633827130391,-0.18603496716748982,0.18603496716748982
USDebt SA,5,9,0.03272266136508208,-0.18603496716748982,0.18603496716748982,-0.005270338040264031,-0.18603496716748982,0.18603496716748982
USDebt SA,5,10,0.05389013730499403,-0.18603496716748982,0.18603496716748982,0.07210626802385033,-0.18603496716748982,0.18603496716748982
USDebt SA,5,11,0.19550250517634868,-0.18603496716748982,0.18603496716748982,0.2460473659377346,-0.18603496716748982,0.18603496716748982
USDebt SA,5,12,-0.15192640704545304,-0.18603496716748982,0.18603496716748982,-0.21261629015024283,-0.18603496716748982,0.18603496716748982
USDebt SA,5,13,-0.024941196345807964,-0.18603496716748982,0.18603496716748982,-0.08848510119208865,-0.18603496716748982,0.18603496716748982
USDebt SA,5,14,-0.06410370989292816,-0.18603496716748982,0.18603496716748982,-0.09032313193519359,-0.18603496716748982,0.18603496716748982
USDebt SA,5,15,-0.1666227813640125,-0.18603496716748982,0.18603496716748982,-0.05563070478947757,-0.18603496716748982,0.18603496716748982
USDebt SA,5,16,0.047448279047462655,-0.18603496716748982,0.18603496716748982,-0.02518490901465516,-0.18603496716748982,0.18603496716748982
USDebt SA,5,17,-0.02428574552615538,-0.18603496716748982,0.18603496716748982,-0.08735775348555058,-0.18603496716748982,0.18603496716748982
USDebt SA,5,18,-0.09210503590996907,-0.18603496716748982,0.18603496716748982,-0.24485877427422964,-0.18603496716748982,0.18603496716748982
USDebt SA,5,19,-0.1052614731218994,-0.18603496716748982,0.18603496716748982,-0.016644866693646024,-0.18603496716748982,0.18603496716748982
USDebt SA,5,20,-0.029804026098945457,-0.18603496716748982,0.18603496716748982,-0.17769032148283354,-0.18603496716748982,0.18603496716748982
USDXY SA,5,0,1.0,-0.18603496716748982,0.18603496716748982,1.0,-0.18603496716748982,0.18603496716748982
USDXY SA,5,1,-0.006891155584931638,-0.18603496716748982,0.18603496716748982,-0.006953802453885554,-0.18603496716748982,0.18603496716748982
USDXY SA,5,2,0.08566259410568201,-0.18603496716748982,0.18603496716748982,0.08719024557110988,-0.18603496716748982,0.18603496716748982
USDXY SA,5,3,-0.0005458986958162807,-0.18603496716748982,0.18603496716748982,0.0006035787945305337,-0.18603496716748982,0.18603496716748982
USDXY SA,5,4,-0.15362300867408027,-0.18603496716748982,0.18603496716748982,-0.16825890299072443,-0.18603496716748982,0.18603496716748982
USDXY SA,5,5,-0.07034213271725999,-0.18603496716748982,0.18603496716748982,-0.07854305097341341,-0.18603496716748982,0.18603496716748982
USDXY SA,5,6,-0.06294836044656134,-0.18603496716748982,0.18603496716748982,-0.039210552682928626,-0.18603496716748982,0.18603496716748982
USDXY SA,5,7,0.025888890974509728,-0.18603496716748982,0.18603496716748982,0.042788159024977276,-0.18603496716748982,0.18603496716748982
USDXY SA,5,8,-0.23734889075949045,-0.18603496716748982,0.18603496716748982,-0.28298352828608775,-0.18603496716748982,0.18603496716748982
USDXY SA,5,9,-0.04334027463246398,-0.18603496716748982,0.18603496716748982,-0.09769316046376945,-0.18603496716748982,0.18603496716748982
USDXY SA,5,10,-0.1347453468240374,-0.18603496716748982,0.18603496716748982,-0.14456801016939635,-0.18603496716748982,0.18603496716748982
USDXY SA,5,11,0.004636829710020271,-0.18603496716748982,0.18603496716748982,0.01104187729320605,-0.18603496716748982,0.18603496716748982
USDXY SA,5,12,-0.13770245699902564,-0.18603496716748982,0.18603496716748982,-0.2699397384068408,-0.18603496716748982,0.18603496716748982
USDXY SA,5,13,0.22281909244668985,-0.18603496716748982,0.18603496716748982,0.20402212794742963,-0.18603496716748982,0.18603496716748982
USDXY SA,5,14,0.0306163652316844,-0.18603496716748982,0.18603496716748982,-0.055379643368860865,-0.18603496716748982,0.18603496716748982
USDXY SA,5,15,0.06297029098259746,-0.18603496716748982,0.18603496716748982,0.0638034362911468,-0.18603496716748982,0.18603496716748982
USDXY SA,5,16,0.061031770423800126,-0.18603496716748982,0.18603496716748982,-0.1441475329979539,-0.18603496716748982,0.18603496716748982
USDXY SA,5,17,0.0521433203077233,-0.18603496716748982,0.18603496716748982,0.17016902570437936,-0.18603496716748982,0.18603496716748982
USDXY SA,5,18,0.031598461668229695,-0.18603496716748982,0.18603496716748982,-0.08965665926878862,-0.18603496716748982,0.18603496716748982
USDXY SA,5,19,-0.03012218101027431,-0.18603496716748982,0.18603496716748982,0.06292517634905043,-0.18603496716748982,0.18603496716748982
USDXY SA,5,20,0.12497414161932387,-0.18603496716748982,0.18603496716748982,-0.038567804767566015,-0.18603496716748982,0.18603496716748982
3M TBill SA,6,0,1.0,-0.18687866749213608,0.18687866749213608,1.0,-0.18687866749213608,0.18687866749213608
3M TBill SA,6,1,0.012173453177147124,-0.18687866749213608,0.18687866749213608,0.012285136233818215,-0.18687866749213608,0.18687866749213608
3M TBill SA,6,2,-0.003955738540004018,-0.18687866749213608,0.18687866749213608,-0.004180548477185827,-0.18687866749213608,0.18687866749213608
3M TBill SA,6,3,-0.04484232958627201,-0.18687866749213608,0.18687866749213608,-0.046006276312298755,-0.18687866749213608,0.18687866749213608
3M TBill SA,6,4,0.032503623515491735,-0.18687866749213608,0.18687866749213608,0.034920432882068635,-0.18687866749213608,0.18687866749213608
3M TBill SA,6,5,-0.019537883788703535,-0.18687866749213608,0.18687866749213608,-0.021785160288897674,-0.18687866749213608,0.18687866749213608
3M TBill SA,6,6,-0.10191490309101138,-0.18687866749213608,0.18687866749213608,-0.10951547954277173,-0.18687866749213608,0.18687866749213608
3M TBill SA,6,7,0.07750789881452402,-0.18687866749213608,0.18687866749213608,0.09010935932875526,-0.18687866749213608,0.18687866749213608
3M TBill SA,6,8,-0.06505455160023825,-0.18687866749213608,0.18687866749213608,-0.07866060330154348,-0.18687866749213608,0.18687866749213608
3M TBill SA,6,9,-0.011013610913780576,-0.18687866749213608,0.18687866749213608,-0.01800608332079241,-0.18687866749213608,0.18687866749213608
3M TBill SA,6,10,0.100671380301057,-0.18687866749213608,0.18687866749213608,0.1314038308773964,-0.18687866749213608,0.18687866749213608
3M TBill SA,6,11,-0.04909908315950497,-0.18687866749213608,0.18687866749213608,-0.08466839689326204,-0.18687866749213608,0.18687866749213608
3M TBill SA,6,12,-0.06878959673745648,-0.18687866749213608,0.18687866749213608,-0.08069199871455858,-0.18687866749213608,0.18687866749213608
3M TBill SA,6,13,-0.1457760876189814,-0.18687866749213608,0.18687866749213608,-0.13437069754871273,-0.18687866749213608,0.18687866749213608
3M TBill SA,6,14,-0.04917796230441823,-0.18687866749213608,0.18687866749213608,-0.10042898073797049,-0.18687866749213608,0.18687866749213608
3M TBill SA,6,15,-0.07597504331483203,-0.18687866749213608,0.18687866749213608,-0.08000501157324405,-0.18687866749213608,0.18687866749213608
3M TBill SA,6,16,-0.027222982822176486,-0.18687866749213608,0.18687866749213608,-0.022930858275242737,-0.18687866749213608,0.18687866749213608
3M TBill SA,6,17,-0.000966289708021837,-0.18687866749213608,0.18687866749213608,-0.04341294188268981,-0.18687866749213608,0.18687866749213608
3M TBill SA,6,18,0.016948973303243405,-0.18687866749213608,0.18687866749213608,0.021954430454792596,-0.18687866749213608,0.18687866749213608
3M TBill SA,6,19,0.008949490461664003,-0.18687866749213608,0.18687866749213608,-0.01790571125549333,-0.18687866749213608,0.18687866749213608
3M TBill SA,6,20,-0.043963266401145715,-0.18687866749213608,0.18687866749213608,-0.08692316173517277,-0.18687866749213608,0.18687866749213608
US CPI SA,6,0,1.0,-0.18687866749213608,0.18687866749213608,1.0,-0.18687866749213608,0.18687866749213608
US CPI SA,6,1,0.003642649809214301,-0.18687866749213608,0.18687866749213608,0.0036760686148034046,-0.18687866749213608,0.18687866749213608
US CPI SA,6,2,-0.014034259600977862,-0.18687866749213608,0.18687866749213608,-0.014307860126741245,-0.18687866749213608,0.18687866749213608
US CPI SA,6,3,0.05182548838048208,-0.18687866749213608,0.18687866749213608,0.05339608663711552,-0.18687866749213608,0.18687866749213608
US CPI SA,6,4,-0.14980691226429865,-0.18687866749213608,0.18687866749213608,-0.15658353240949296,-0.18687866749213608,0.18687866749213608
US CPI SA,6,5,0.12266878452437723,-0.18687866749213608,0.18687866749213608,0.13650679118768028,-0.18687866749213608,0.18687866749213608
US CPI SA,6,6,0.03013469350464083,-0.18687866749213608,0.18687866749213608,0.01880682222251117,-0.18687866749213608,0.18687866749213608
US CPI SA,6,7,0.022295519676989988,-0.18687866749213608,0.18687866749213608,0.04655037827416965,-0.18687866749213608,0.18687866749213608
US CPI SA,6,8,-0.09266274108352524,-0.18687866749213608,0.18687866749213608,-0.14706575673965322,-0.18687866749213608,0.18687866749213608
US CPI SA,6,9,-0.06531113525615596,-0.18687866749213608,0.18687866749213608,-0.02414893783787266,-0.18687866749213608,0.18687866749213608
US CPI SA,6,10,-0.033512522854209296,-0.18687866749213608,0.18687866749213608,-0.05752829577223196,-0.18687866749213608,0.18687866749213608
US CPI SA,6,11,-0.13406729288219196,-0.18687866749213608,0.18687866749213608,-0.13605945107367687,-0.18687866749213608,0.18687866749213608
US CPI SA,6,12,-0.09779141398727122,-0.18687866749213608,0.18687866749213608,-0.16272466102131283,-0.18687866749213608,0.18687866749213608
US CPI SA,6,13,-0.04548395123774523,-0.18687866749213608,0.18687866749213608,-0.04042950718856845,-0.18687866749213608,0.18687866749213608
US CPI SA,6,14,0.13175184613398436,-0.18687866749213608,0.18687866749213608,0.18494893120940428,-0.18687866749213608,0.18687866749213608
US CPI SA,6,15,0.07473541134218117,-0.18687866749213608,0.18687866749213608,0.0864319429403056,-0.18687866749213608,0.18687866749213608
US CPI SA,6,16,-0.20194992342462942,-0.18687866749213608,0.18687866749213608,-0.27747189693577784,-0.18687866749213608,0.18687866749213608
US CPI SA,6,17,0.04319496224404035,-0.18687866749213608,0.18687866749213608,0.0653084225924404,-0.18687866749213608,0.18687866749213608
US CPI SA,6,18,-0.03590570758721889,-0.18687866749213608,0.18687866749213608,0.03203142127360195,-0.18687866749213608,0.18687866749213608
US CPI SA,6,19,0.0525265013172448,-0.18687866749213608,0.18687866749213608,0.07098140562778625,-0.18687866749213608,0.18687866749213608
US CPI SA,6,20,0.1038802630923609,-0.18687866749213608,0.18687866749213608,-0.08722705830845005,-0.18687866749213608,0.18687866749213608
US IP SA,6,0,1.0,-0.18687866749213608,0.18687866749213608,1.0,-0.18687866749213608,0.18687866749213608
US IP SA,6,1,-0.01919080028639175,-0.18687866749213608,0.18687866749213608,-0.019366862674340332,-0.18687866749213608,0.18687866749213608
US IP SA,6,2,-0.06518511371962346,-0.18687866749213608,0.18687866749213608,-0.06679237299902434,-0.18687866749213608,0.18687866749213608
US IP SA,6,3,0.027846744132903667,-0.18687866749213608,0.18687866749213608,0.026088370927176016,-0.18687866749213608,0.18687866749213608
US IP SA,6,4,-0.1245524426447949,-0.18687866749213608,0.18687866749213608,-0.13333938088946892,-0.18687866749213608,0.18687866749213608
US IP SA,6,5,0.00023792412831274789,-0.18687866749213608,0.18687866749213608,-0.0006291132611784659,-0.18687866749213608,0.18687866749213608
US IP SA,6,6,0.05933418665665292,-0.18687866749213608,0.18687866749213608,0.04455236646349985,-0.18687866749213608,0.18687866749213608
US IP SA,6,7,-0.10828010718481386,-0.18687866749213608,0.18687866749213608,-0.10991872626609263,-0.18687866749213608,0.18687866749213608
US IP SA,6,8,-0.20149026654399568,-0.18687866749213608,0.18687866749213608,-0.23854001770976282,-0.18687866749213608,0.18687866749213608
US IP SA,6,9,-0.024601537491762047,-0.18687866749213608,0.18687866749213608,-0.06113556999868696,-0.18687866749213608,0.18687866749213608
US IP SA,6,10,0.0512067098297619,-0.18687866749213608,0.18687866749213608,0.04545145426229054,-0.18687866749213608,0.18687866749213608
US IP SA,6,11,-0.08459333339296411,-0.18687866749213608,0.18687866749213608,-0.13138466517389402,-0.18687866749213608,0.18687866749213608
US IP SA,6,12,0.0008971168319717639,-0.18687866749213608,0.18687866749213608,-0.07849560383156935,-0.18687866749213608,0.18687866749213608
US IP SA,6,13,-0.006193233298091463,-0.18687866749213608,0.18687866749213608,-0.032202696623774237,-0.18687866749213608,0.18687866749213608
US IP SA,6,14,-0.03835193401018983,-0.18687866749213608,0.18687866749213608,-0.031094615705345975,-0.18687866749213608,0.18687866749213608
US IP SA,6,15,0.021484786210444848,-0.18687866749213608,0.18687866749213608,-0.07624295804562818,-0.18687866749213608,0.18687866749213608
US IP SA,6,16,-0.16810412327988128,-0.18687866749213608,0.18687866749213608,-0.3272558792400588,-0.18687866749213608,0.18687866749213608
US IP SA,6,17,0.08741810974968142,-0.18687866749213608,0.18687866749213608,0.07403572307734174,-0.18687866749213608,0.18687866749213608
US IP SA,6,18,0.04819455865831007,-0.18687866749213608,0.18687866749213608,0.0179539580534838,-0.18687866749213608,0.18687866749213608
US IP SA,6,19,0.006800024113165215,-0.18687866749213608,0.18687866749213608,-0.07387144423184178,-0.18687866749213608,0.18687866749213608
US IP SA,6,20,0.07036027390534277,-0.18687866749213608,0.18687866749213608,-0.05446285784798998,-0.18687866749213608,0.18687866749213608
US Unemployment SA,6,0,1.0,-0.18687866749213608,0.18687866749213608,1.0,-0.18687866749213608,0.18687866749213608
US Unemployment SA,6,1,0.05229051624201856,-0.18687866749213608,0.18687866749213608,0.05277024574882606,-0.18687866749213608,0.18687866749213608
US Unemployment SA,6,2,-0.1233686763436211,-0.18687866749213608,0.18687866749213608,-0.12879664015144793,-0.18687866749213608,0.18687866749213608
US Unemployment SA,6,3,-0.0005452656362721604,-0.18687866749213608,0.18687866749213608,0.013991260543231365,-0.18687866749213608,0.18687866749213608
US Unemployment SA,6,4,-0.059977126856265287,-0.18687866749213608,0.18687866749213608,-0.08081011502933651,-0.18687866749213608,0.18687866749213608
US Unemployment SA,6,5,0.025000788776709307,-0.18687866749213608,0.18687866749213608,0.037623597518496754,-0.18687866749213608,0.18687866749213608
US Unemployment SA,6,6,0.03354201013030722,-0.18687866749213608,0.18687866749213608,0.012927528417752925,-0.18687866749213608,0.18687866749213608
US Unemployment SA,6,7,-0.09067320120300756,-0.18687866749213608,0.18687866749213608,-0.09264631362668613,-0.18687866749213608,0.18687866749213608
US Unemployment SA,6,8,-0.07841593744708486,-0.18687866749213608,0.18687866749213608,-0.07403481662207796,-0.18687866749213608,0.18687866749213608
US Unemployment SA,6,9,0.21214340873644424,-0.18687866749213608,0.18687866749213608,0.2284183977289427,-0.18687866749213608,0.18687866749213608
US Unemployment SA,6,10,0.040034296999858755,-0.18687866749213608,0.18687866749213608,-0.0027431606615223557,-0.18687866749213608,0.18687866749213608
US Unemployment SA,6,11,-0.06196132393761504,-0.18687866749213608,0.18687866749213608,-0.032436884758471944,-0.18687866749213608,0.18687866749213608
US Unemployment SA,6,12,-0.2116586942893668,-0.18687866749213608,0.18687866749213608,-0.2603135723624048,-0.18687866749213608,0.18687866749213608
US Unemployment SA,6,13,-0.0639702860689321,-0.18687866749213608,0.18687866749213608,-0.007146083222290401,-0.18687866749213608,0.18687866749213608
US Unemployment SA,6,14,0.12777240760333045,-0.18687866749213608,0.18687866749213608,0.10504349968623852,-0.18687866749213608,0.18687866749213608
US Unemployment SA,6,15,0.024675539294284732,-0.18687866749213608,0.18687866749213608,-0.0152603440897223,-0.18687866749213608,0.18687866749213608
US Unemployment SA,6,16,-0.15076099190953868,-0.18687866749213608,0.18687866749213608,-0.19857349296865953,-0.18687866749213608,0.18687866749213608
US Unemployment SA,6,17,-0.057922237482809925,-0.18687866749213608,0.18687866749213608,-0.010932333719318676,-0.18687866749213608,0.18687866749213608
US Unemployment SA,6,18,-0.0031701338712343975,-0.18687866749213608,0.18687866749213608,-0.04965765301923076,-0.18687866749213608,0.18687866749213608
US Unemployment SA,6,19,-0.00016784437169705082,-0.18687866749213608,0.18687866749213608,-0.03879345057714693,-0.18687866749213608,0.18687866749213608
US Unemployment SA,6,20,-0.019019034919206805,-0.18687866749213608,0.18687866749213608,-0.12551626575821767,-0.18687866749213608,0.18687866749213608
USDebt SA,6,0,1.0,-0.18687866749213608,0.18687866749213608,1.0,-0.18687866749213608,0.18687866749213608
USDebt SA,6,1,0.042834989814893795,-0.18687866749213608,0.18687866749213608,0.04322797137282858,-0.18687866749213608,0.18687866749213608
USDebt SA,6,2,0.021492618331358133,-0.18687866749213608,0.18687866749213608,0.020059456526994587,-0.18687866749213608,0.18687866749213608
USDebt SA,6,3,-0.016241585909333712,-0.18687866749213608,0.18687866749213608,-0.01853346889436495,-0.18687866749213608,0.18687866749213608
USDebt SA,6,4,-0.09954335958385795,-0.18687866749213608,0.18687866749213608,-0.10250920045114192,-0.18687866749213608,0.18687866749213608
USDebt SA,6,5,0.10957327056013358,-0.18687866749213608,0.18687866749213608,0.12578079121168018,-0.18687866749213608,0.18687866749213608
USDebt SA,6,6,0.0846667302610724,-0.18687866749213608,0.18687866749213608,0.08501709794571684,-0.18687866749213608,0.18687866749213608
USDebt SA,6,7,0.03661300944251381,-0.18687866749213608,0.18687866749213608,0.022382398453967334,-0.18687866749213608,0.18687866749213608
USDebt SA,6,8,-0.1907308513035588,-0.18687866749213608,0.18687866749213608,-0.2289729879564855,-0.18687866749213608,0.18687866749213608
USDebt SA,6,9,-0.021732428591400947,-0.18687866749213608,0.18687866749213608,0.022852121561190705,-0.18687866749213608,0.18687866749213608
USDebt SA,6,10,0.0632132643924554,-0.18687866749213608,0.18687866749213608,0.10176473286291352,-0.18687866749213608,0.18687866749213608
USDebt SA,6,11,0.16859389533661004,-0.18687866749213608,0.18687866749213608,0.1836120998547141,-0.18687866749213608,0.18687866749213608
USDebt SA,6,12,-0.1644943632073439,-0.18687866749213608,0.18687866749213608,-0.3174433722798886,-0.18687866749213608,0.18687866749213608
USDebt SA,6,13,-0.12358415899092288,-0.18687866749213608,0.18687866749213608,-0.12124148120066301,-0.18687866749213608,0.18687866749213608
USDebt SA,6,14,-0.11566330924015951,-0.18687866749213608,0.18687866749213608,-0.03081290965227525,-0.18687866749213608,0.18687866749213608
USDebt SA,6,15,-0.1813064263702833,-0.18687866749213608,0.18687866749213608,-0.12469433497295235,-0.18687866749213608,0.18687866749213608
USDebt SA,6,16,0.09188764643567907,-0.18687866749213608,0.18687866749213608,-0.04555630210319188,-0.18687866749213608,0.18687866749213608
USDebt SA,6,17,-0.11458838907445805,-0.18687866749213608,0.18687866749213608,-0.19830615006282284,-0.18687866749213608,0.18687866749213608
USDebt SA,6,18,-0.16343217895217474,-0.18687866749213608,0.18687866749213608,-0.16617469482308925,-0.18687866749213608,0.18687866749213608
USDebt SA,6,19,-0.10844341184486231,-0.18687866749213608,0.18687866749213608,-0.0091724763460475,-0.18687866749213608,0.18687866749213608
USDebt SA,6,20,-0.08703309716530402,-0.18687866749213608,0.18687866749213608,-0.1473860542813233,-0.18687866749213608,0.18687866749213608
USDXY SA,6,0,1.0,-0.18687866749213608,0.18687866749213608,1.0,-0.18687866749213608,0.18687866749213608
USDXY SA,6,1,0.01886070153643762,-0.18687866749213608,0.18687866749213608,0.01903373549548752,-0.18687866749213608,0.18687866749213608
USDXY SA,6,2,0.0055607155112036965,-0.18687866749213608,0.18687866749213608,0.0053033299442049936,-0.18687866749213608,0.18687866749213608
USDXY SA,6,3,-0.008553420231115912,-0.18687866749213608,0.18687866749213608,-0.009004922941603733,-0.18687866749213608,0.18687866749213608
USDXY SA,6,4,-0.11736477866232542,-0.18687866749213608,0.18687866749213608,-0.12154364486864142,-0.18687866749213608,0.18687866749213608
USDXY SA,6,5,-0.0891159553838081,-0.18687866749213608,0.18687866749213608,-0.09014945528862905,-0.18687866749213608,0.18687866749213608
USDXY SA,6,6,-0.04651545766644791,-0.18687866749213608,0.18687866749213608,-0.046620364752144615,-0.18687866749213608,0.18687866749213608
USDXY SA,6,7,0.04801480007040506,-0.18687866749213608,0.18687866749213608,0.05229373336064048,-0.18687866749213608,0.18687866749213608
USDXY SA,6,8,-0.25739901091791795,-0.18687866749213608,0.18687866749213608,-0.30216380631027173,-0.18687866749213608,0.18687866749213608
USDXY SA,6,9,-0.06285911051596521,-0.18687866749213608,0.18687866749213608,-0.09499766995165472,-0.18687866749213608,0.18687866749213608
USDXY SA,6,10,-0.03167081128521198,-0.18687866749213608,0.18687866749213608,-0.06245147606807277,-0.18687866749213608,0.18687866749213608
USDXY SA,6,11,-0.034555324945857474,-0.18687866749213608,0.18687866749213608,-0.05202824744703256,-0.18687866749213608,0.18687866749213608
USDXY SA,6,12,-0.15838977580239363,-0.18687866749213608,0.18687866749213608,-0.29631345997102915,-0.18687866749213608,0.18687866749213608
USDXY SA,6,13,0.15300721434042994,-0.18687866749213608,0.18687866749213608,0.10307765362460057,-0.18687866749213608,0.18687866749213608
USDXY SA,6,14,-0.022987159487667677,-0.18687866749213608,0.18687866749213608,-0.13503739878159768,-0.18687866749213608,0.18687866749213608
USDXY SA,6,15,0.009115735515367013,-0.18687866749213608,0.18687866749213608,-0.009705806043917525,-0.18687866749213608,0.18687866749213608
USDXY SA,6,16,0.1326044608030034,-0.18687866749213608,0.18687866749213608,-0.03010913460019943,-0.18687866749213608,0.18687866749213608
USDXY SA,6,17,0.12667280006702772,-0.18687866749213608,0.18687866749213608,0.1401067222763425,-0.18687866749213608,0.18687866749213608
USDXY SA,6,18,0.012447578447312866,-0.18687866749213608,0.18687866749213608,-0.07557077251869677,-0.18687866749213608,0.18687866749213608
USDXY SA,6,19,0.05397202279807579,-0.18687866749213608,0.18687866749213608,0.11935014117283212,-0.18687866749213608,0.18687866749213608
USDXY SA,6,20,0.12491636045211663,-0.18687866749213608,0.18687866749213608,0.0255306387848579,-0.18687866749213608,0.18687866749213608
3M TBill SA,7,0,1.0,-0.18773395190334566,0.18773395190334566,1.0,-0.18773395190334566,0.18773395190334566
3M TBill SA,7,1,0.003387138753891791,-0.18773395190334566,0.18773395190334566,0.003418501149761209,-0.18773395190334566,0.18773395190334566
3M TBill SA,7,2,0.018809396684980065,-0.18773395190334566,0.18773395190334566,0.019149511827069407,-0.18773395190334566,0.18773395190334566
3M TBill SA,7,3,-0.014679404053146845,-0.18773395190334566,0.18773395190334566,-0.015230331936941446,-0.18773395190334566,0.18773395190334566
3M TBill SA,7,4,0.030186920439872537,-0.18773395190334566,0.18773395190334566,0.031095053662407574,-0.18773395190334566,0.18773395190334566
3M TBill SA,7,5,-0.025453974140436975,-0.18773395190334566,0.18773395190334566,-0.02637984794772738,-0.18773395190334566,0.18773395190334566
3M TBill SA,7,6,-0.11707501321111961,-0.18773395190334566,0.18773395190334566,-0.12535009326986127,-0.18773395190334566,0.18773395190334566
3M TBill SA,7,7,0.06304487696747153,-0.18773395190334566,0.18773395190334566,0.07139630559472816,-0.18773395190334566,0.18773395190334566
3M TBill SA,7,8,-0.04291844270292616,-0.18773395190334566,0.18773395190334566,-0.0449443533701703,-0.18773395190334566,0.18773395190334566
3M TBill SA,7,9,-0.006280228691443527,-0.18773395190334566,0.18773395190334566,-0.011496995278681123,-0.18773395190334566,0.18773395190334566
3M TBill SA,7,10,0.10491684560955347,-0.18773395190334566,0.18773395190334566,0.13083544676203074,-0.18773395190334566,0.18773395190334566
3M TBill SA,7,11,-0.0705540561128661,-0.18773395190334566,0.18773395190334566,-0.09879371055861498,-0.18773395190334566,0.18773395190334566
3M TBill SA,7,12,-0.03380063687918303,-0.18773395190334566,0.18773395190334566,-0.05111555723189481,-0.18773395190334566,0.18773395190334566
3M TBill SA,7,13,-0.15254762943890562,-0.18773395190334566,0.18773395190334566,-0.15286476384464417,-0.18773395190334566,0.18773395190334566
3M TBill SA,7,14,-0.08092481838992767,-0.18773395190334566,0.18773395190334566,-0.12750066776717878,-0.18773395190334566,0.18773395190334566
3M TBill SA,7,15,-0.05567380134199098,-0.18773395190334566,0.18773395190334566,-0.04326079308211856,-0.18773395190334566,0.18773395190334566
3M TBill SA,7,16,0.009152582972357888,-0.18773395190334566,0.18773395190334566,0.03819305285318603,-0.18773395190334566,0.18773395190334566
3M TBill SA,7,17,-0.02528540179435141,-0.18773395190334566,0.18773395190334566,-0.06449557449766789,-0.18773395190334566,0.18773395190334566
3M TBill SA,7,18,0.0061611226010671585,-0.18773395190334566,0.18773395190334566,0.01986331963918588,-0.18773395190334566,0.18773395190334566
3M TBill SA,7,19,0.008169731718256962,-0.18773395190334566,0.18773395190334566,-0.03569376253935815,-0.18773395190334566,0.18773395190334566
3M TBill SA,7,20,-0.06739946564134977,-0.18773395190334566,0.18773395190334566,-0.13408822275754448,-0.18773395190334566,0.18773395190334566
US CPI SA,7,0,1.0,-0.18773395190334566,0.18773395190334566,1.0,-0.18773395190334566,0.18773395190334566
US CPI SA,7,1,0.03273672710374226,-0.18773395190334566,0.18773395190334566,0.033039844947295456,-0.18773395190334566,0.18773395190334566
US CPI SA,7,2,0.021313774699416498,-0.18773395190334566,0.18773395190334566,0.020643066275806123,-0.18773395190334566,0.18773395190334566
US CPI SA,7,3,0.06556695100077069,-0.18773395190334566,0.18773395190334566,0.06613836976540283,-0.18773395190334566,0.18773395190334566
US CPI SA,7,4,-0.1427182602733016,-0.18773395190334566,0.18773395190334566,-0.15373641413751324,-0.18773395190334566,0.18773395190334566
US CPI SA,7,5,0.11947357545355639,-0.18773395190334566,0.18773395190334566,0.1374548043806502,-0.18773395190334566,0.18773395190334566
US CPI SA,7,6,0.029921099268245054,-0.18773395190334566,0.18773395190334566,0.020917696667974765,-0.18773395190334566,0.18773395190334566
US CPI SA,7,7,-0.0023523026708078295,-0.18773395190334566,0.18773395190334566,0.011251403166413881,-0.18773395190334566,0.18773395190334566
US CPI SA,7,8,-0.11608938245732049,-0.18773395190334566,0.18773395190334566,-0.17637076588973552,-0.18773395190334566,0.18773395190334566
US CPI SA,7,9,-0.06846775034910468,-0.18773395190334566,0.18773395190334566,-0.022185514928186215,-0.18773395190334566,0.18773395190334566
US CPI SA,7,10,-0.040412461562629336,-0.18773395190334566,0.18773395190334566,-0.04691959185227193,-0.18773395190334566,0.18773395190334566
US CPI SA,7,11,-0.11302195565560177,-0.18773395190334566,0.18773395190334566,-0.10912273164804825,-0.18773395190334566,0.18773395190334566
US CPI SA,7,12,-0.08905084726701513,-0.18773395190334566,0.18773395190334566,-0.14355442999131326,-0.18773395190334566,0.18773395190334566
US CPI SA,7,13,-0.049188852970436805,-0.18773395190334566,0.18773395190334566,-0.015222216510715307,-0.18773395190334566,0.18773395190334566
US CPI SA,7,14,0.09722169085590371,-0.18773395190334566,0.18773395190334566,0.1587910293182137,-0.18773395190334566,0.18773395190334566
US CPI SA,7,15,0.02864693925707805,-0.18773395190334566,0.18773395190334566,0.021385089625265478,-0.18773395190334566,0.18773395190334566
US CPI SA,7,16,-0.2064482187270252,-0.18773395190334566,0.18773395190334566,-0.3120889011370966,-0.18773395190334566,0.18773395190334566
US CPI SA,7,17,0.04287485116528658,-0.18773395190334566,0.18773395190334566,0.07748878528810028,-0.18773395190334566,0.18773395190334566
US CPI SA,7,18,-0.045903970820989744,-0.18773395190334566,0.18773395190334566,0.024146011082533406,-0.18773395190334566,0.18773395190334566
US CPI SA,7,19,0.04353418592327512,-0.18773395190334566,0.18773395190334566,0.03849257182111042,-0.18773395190334566,0.18773395190334566
US CPI SA,7,20,0.13892609603762612,-0.18773395190334566,0.18773395190334566,-0.03093103596890936,-0.18773395190334566,0.18773395190334566
US IP SA,7,0,1.0,-0.18773395190334566,0.18773395190334566,1.0,-0.18773395190334566,0.18773395190334566
US IP SA,7,1,0.01702602223837805,-0.18773395190334566,0.18773395190334566,0.017183670592437132,-0.18773395190334566,0.18773395190334566
US IP SA,7,2,-0.07940874721176458,-0.18773395190334566,0.18773395190334566,-0.08121228163916075,-0.18773395190334566,0.18773395190334566
US IP SA,7,3,0.09937875445725428,-0.18773395190334566,0.18773395190334566,0.10581877385609151,-0.18773395190334566,0.18773395190334566
US IP SA,7,4,-0.1714709472493346,-0.18773395190334566,0.18773395190334566,-0.19279908254198505,-0.18773395190334566,0.18773395190334566
US IP SA,7,5,-0.04882246602238509,-0.18773395190334566,0.18773395190334566,-0.02143393025588481,-0.18773395190334566,0.18773395190334566
US IP SA,7,6,0.03009589190237228,-0.18773395190334566,0.18773395190334566,-0.009990967691835165,-0.18773395190334566,0.18773395190334566
US IP SA,7,7,-0.12210835677362473,-0.18773395190334566,0.18773395190334566,-0.10494026107947063,-0.18773395190334566,0.18773395190334566
US IP SA,7,8,-0.21349916651756187,-0.18773395190334566,0.18773395190334566,-0.26192552736981917,-0.18773395190334566,0.18773395190334566
US IP SA,7,9,-0.022825393749411924,-0.18773395190334566,0.18773395190334566,-0.05788324823277611,-0.18773395190334566,0.18773395190334566
US IP SA,7,10,0.027353990690531408,-0.18773395190334566,0.18773395190334566,0.00821239739048787,-0.18773395190334566,0.18773395190334566
US IP SA,7,11,-0.05234599353931219,-0.18773395190334566,0.18773395190334566,-0.07943393033506169,-0.18773395190334566,0.18773395190334566
US IP SA,7,12,0.059168022638042,-0.18773395190334566,0.18773395190334566,-0.03227199486418834,-0.18773395190334566,0.18773395190334566
US IP SA,7,13,-0.047976977750350175,-0.18773395190334566,0.18773395190334566,-0.12281390195726889,-0.18773395190334566,0.18773395190334566
US IP SA,7,14,-0.0346206108590597,-0.18773395190334566,0.18773395190334566,-0.03971058506686873,-0.18773395190334566,0.18773395190334566
US IP SA,7,15,-0.0019065029297127127,-0.18773395190334566,0.18773395190334566,-0.12943841417937996,-0.18773395190334566,0.18773395190334566
US IP SA,7,16,-0.180051627840799,-0.18773395190334566,0.18773395190334566,-0.3351451570601921,-0.18773395190334566,0.18773395190334566
US IP SA,7,17,0.05872600693883082,-0.18773395190334566,0.18773395190334566,-0.024553530603916598,-0.18773395190334566,0.18773395190334566
US IP SA,7,18,0.08263888867830824,-0.18773395190334566,0.18773395190334566,-0.0035575673448762757,-0.18773395190334566,0.18773395190334566
US IP SA,7,19,-0.0017766647773860157,-0.18773395190334566,0.18773395190334566,-0.054556266448353055,-0.18773395190334566,0.18773395190334566
US IP SA,7,20,0.07151590025076646,-0.18773395190334566,0.18773395190334566,-0.09008818643638418,-0.18773395190334566,0.18773395190334566
US Unemployment SA,7,0,1.0,-0.18773395190334566,0.18773395190334566,1.0,-0.18773395190334566,0.18773395190334566
US Unemployment SA,7,1,0.034906237302306346,-0.18773395190334566,0.18773395190334566,0.035229443203253594,-0.18773395190334566,0.18773395190334566
US Unemployment SA,7,2,-0.12112180986904995,-0.18773395190334566,0.18773395190334566,-0.1247817509370904,-0.18773395190334566,0.18773395190334566
US Unemployment SA,7,3,-0.029938565098597228,-0.18773395190334566,0.18773395190334566,-0.02186788820486976,-0.18773395190334566,0.18773395190334566
US Unemployment SA,7,4,-0.00011690199690987816,-0.18773395190334566,0.18773395190334566,-0.013741653812993346,-0.18773395190334566,0.18773395190334566
US Unemployment SA,7,5,0.023812838653631475,-0.18773395190334566,0.18773395190334566,0.019279743243100358,-0.18773395190334566,0.18773395190334566
US Unemployment SA,7,6,0.006158411103754895,-0.18773395190334566,0.18773395190334566,0.0025831550152559868,-0.18773395190334566,0.18773395190334566
US Unemployment SA,7,7,-0.1076979987634008,-0.18773395190334566,0.18773395190334566,-0.11236841161245925,-0.18773395190334566,0.18773395190334566
US Unemployment SA,7,8,-0.13733792984402682,-0.18773395190334566,0.18773395190334566,-0.14198088897495628,-0.18773395190334566,0.18773395190334566
US Unemployment SA,7,9,0.21181912901263764,-0.18773395190334566,0.18773395190334566,0.22312300456447,-0.18773395190334566,0.18773395190334566
US Unemployment SA,7,10,0.060960041804139393,-0.18773395190334566,0.18773395190334566,0.010985936465386629,-0.18773395190334566,0.18773395190334566
US Unemployment SA,7,11,-0.051152868129080965,-0.18773395190334566,0.18773395190334566,-0.022062934101488445,-0.18773395190334566,0.18773395190334566
US Unemployment SA,7,12,-0.2412278952559244,-0.18773395190334566,0.18773395190334566,-0.27569959462027777,-0.18773395190334566,0.18773395190334566
US Unemployment SA,7,13,-0.028372938705578003,-0.18773395190334566,0.18773395190334566,-0.0053439824956667105,-0.18773395190334566,0.18773395190334566
US Unemployment SA,7,14,0.11637417227441489,-0.18773395190334566,0.18773395190334566,0.08698139978400608,-0.18773395190334566,0.18773395190334566
US Unemployment SA,7,15,-0.004972528164655959,-0.18773395190334566,0.18773395190334566,-0.05575266763445909,-0.18773395190334566,0.18773395190334566
US Unemployment SA,7,16,-0.19423140569847816,-0.18773395190334566,0.18773395190334566,-0.24695448048612126,-0.18773395190334566,0.18773395190334566
US Unemployment SA,7,17,-0.016282644410262222,-0.18773395190334566,0.18773395190334566,0.07603192911922321,-0.18773395190334566,0.18773395190334566
US Unemployment SA,7,18,0.02160830098306918,-0.18773395190334566,0.18773395190334566,-0.04436215313869437,-0.18773395190334566,0.18773395190334566
US Unemployment SA,7,19,0.04283612725172839,-0.18773395190334566,0.18773395190334566,-0.013064497492336222,-0.18773395190334566,0.18773395190334566
US Unemployment SA,7,20,0.03540163269741283,-0.18773395190334566,0.18773395190334566,-0.08684704185238974,-0.18773395190334566,0.18773395190334566
USDebt SA,7,0,1.0,-0.18773395190334566,0.18773395190334566,1.0,-0.18773395190334566,0.18773395190334566
USDebt SA,7,1,-0.00096730668184538,-0.18773395190334566,0.18773395190334566,-0.0009762632251957871,-0.18773395190334566,0.18773395190334566
USDebt SA,7,2,-0.0632919585597521,-0.18773395190334566,0.18773395190334566,-0.06447600036385985,-0.18773395190334566,0.18773395190334566
USDebt SA,7,3,-0.033233452413464135,-0.18773395190334566,0.18773395190334566,-0.03444720539432784,-0.18773395190334566,0.18773395190334566
USDebt SA,7,4,-0.1685121165046627,-0.18773395190334566,0.18773395190334566,-0.18019828672771027,-0.18773395190334566,0.18773395190334566
USDebt SA,7,5,0.09928647200108129,-0.18773395190334566,0.18773395190334566,0.1011750114990402,-0.18773395190334566,0.18773395190334566
USDebt SA,7,6,0.036739374160308216,-0.18773395190334566,0.18773395190334566,0.013519130336595938,-0.18773395190334566,0.18773395190334566
USDebt SA,7,7,-0.00586438033097704,-0.18773395190334566,0.18773395190334566,-0.0037089403786928947,-0.18773395190334566,0.18773395190334566
USDebt SA,7,8,-0.08479035558886723,-0.18773395190334566,0.18773395190334566,-0.11840294732132678,-0.18773395190334566,0.18773395190334566
USDebt SA,7,9,-0.06565291729210669,-0.18773395190334566,0.18773395190334566,-0.03518450927169903,-0.18773395190334566,0.18773395190334566
USDebt SA,7,10,0.012518164572127469,-0.18773395190334566,0.18773395190334566,-0.0012365631108990402,-0.18773395190334566,0.18773395190334566
USDebt SA,7,11,0.1886867512912303,-0.18773395190334566,0.18773395190334566,0.20373442638646877,-0.18773395190334566,0.18773395190334566
USDebt SA,7,12,-0.19576117612063024,-0.18773395190334566,0.18773395190334566,-0.2895608247022546,-0.18773395190334566,0.18773395190334566
USDebt SA,7,13,-0.11069338069324079,-0.18773395190334566,0.18773395190334566,-0.09953670079176583,-0.18773395190334566,0.18773395190334566
USDebt SA,7,14,-0.008679189270956636,-0.18773395190334566,0.18773395190334566,-0.013490585881806856,-0.18773395190334566,0.18773395190334566
USDebt SA,7,15,-0.1259607041022204,-0.18773395190334566,0.18773395190334566,-0.09514203173290396,-0.18773395190334566,0.18773395190334566
USDebt SA,7,16,0.15600815212223107,-0.18773395190334566,0.18773395190334566,0.04654888669621687,-0.18773395190334566,0.18773395190334566
USDebt SA,7,17,-0.11466414562670753,-0.18773395190334566,0.18773395190334566,-0.2156316707303001,-0.18773395190334566,0.18773395190334566
USDebt SA,7,18,-0.1380954656458694,-0.18773395190334566,0.18773395190334566,-0.17409702184710202,-0.18773395190334566,0.18773395190334566
USDebt SA,7,19,-0.03832276689929082,-0.18773395190334566,0.18773395190334566,-0.05454159892646,-0.18773395190334566,0.18773395190334566
USDebt SA,7,20,-0.1061340432988607,-0.18773395190334566,0.18773395190334566,-0.1657472789647229,-0.18773395190334566,0.18773395190334566
USDXY SA,7,0,1.0,-0.18773395190334566,0.18773395190334566,1.0,-0.18773395190334566,0.18773395190334566
USDXY SA,7,1,0.03979843146355931,-0.18773395190334566,0.18773395190334566,0.04016693545859228,-0.18773395190334566,0.18773395190334566
USDXY SA,7,2,0.014952764487383257,-0.18773395190334566,0.18773395190334566,0.013640880669187163,-0.18773395190334566,0.18773395190334566
USDXY SA,7,3,0.022461885883366103,-0.18773395190334566,0.18773395190334566,0.021985755989999776,-0.18773395190334566,0.18773395190334566
USDXY SA,7,4,-0.04114022992679776,-0.18773395190334566,0.18773395190334566,-0.04479547576939943,-0.18773395190334566,0.18773395190334566
USDXY SA,7,5,-0.10199509276796888,-0.18773395190334566,0.18773395190334566,-0.10449564074136228,-0.18773395190334566,0.18773395190334566
USDXY SA,7,6,-0.02596254770455126,-0.18773395190334566,0.18773395190334566,-0.019044997101139462,-0.18773395190334566,0.18773395190334566
USDXY SA,7,7,0.02075034440925857,-0.18773395190334566,0.18773395190334566,0.02953647949036339,-0.18773395190334566,0.18773395190334566
USDXY SA,7,8,-0.26161579268845375,-0.18773395190334566,0.18773395190334566,-0.284617917217231,-0.18773395190334566,0.18773395190334566
USDXY SA,7,9,-0.09501686647319726,-0.18773395190334566,0.18773395190334566,-0.10009321969980242,-0.18773395190334566,0.18773395190334566
USDXY SA,7,10,-0.09078592180411543,-0.18773395190334566,0.18773395190334566,-0.11139255003933182,-0.18773395190334566,0.18773395190334566
USDXY SA,7,11,-0.026076696441386174,-0.18773395190334566,0.18773395190334566,-0.022790348658105357,-0.18773395190334566,0.18773395190334566
USDXY SA,7,12,-0.22552347997370492,-0.18773395190334566,0.18773395190334566,-0.3109079627005664,-0.18773395190334566,0.18773395190334566
USDXY SA,7,13,0.21250035880411705,-0.18773395190334566,0.18773395190334566,0.21343251990245893,-0.18773395190334566,0.18773395190334566
USDXY SA,7,14,-0.046657066519527106,-0.18773395190334566,0.18773395190334566,-0.17028600278494366,-0.18773395190334566,0.18773395190334566
USDXY SA,7,15,0.02746409795341095,-0.18773395190334566,0.18773395190334566,0.05906350739205309,-0.18773395190334566,0.18773395190334566
USDXY SA,7,16,0.11605903187087446,-0.18773395190334566,0.18773395190334566,-0.02469283328411727,-0.18773395190334566,0.18773395190334566
USDXY SA,7,17,0.035320516267250336,-0.18773395190334566,0.18773395190334566,-0.012210976409582124,-0.18773395190334566,0.18773395190334566
USDXY SA,7,18,0.02780194366896458,-0.18773395190334566,0.18773395190334566,-0.050853007711133394,-0.18773395190334566,0.18773395190334566
USDXY SA,7,19,0.04946547746377573,-0.18773395190334566,0.18773395190334566,0.0793581120153874,-0.18773395190334566,0.18773395190334566
USDXY SA,7,20,0.17260081668358518,-0.18773395190334566,0.18773395190334566,0.03507669424263455,-0.18773395190334566,0.18773395190334566
3M TBill SA,8,0,1.0,-0.18860108793527774,0.18860108793527774,1.0,-0.18860108793527774,0.18860108793527774
3M TBill SA,8,1,-0.002211167097415476,-0.18860108793527774,0.18860108793527774,-0.0022318322104754335,-0.18860108793527774,0.18860108793527774
3M TBill SA,8,2,0.03570492691612741,-0.18860108793527774,0.18860108793527774,0.03637380488810454,-0.18860108793527774,0.18860108793527774
3M TBill SA,8,3,-0.007822155814489445,-0.18860108793527774,0.18860108793527774,-0.007896715092874223,-0.18860108793527774,0.18860108793527774
3M TBill SA,8,4,0.0482153925191915,-0.18860108793527774,0.18860108793527774,0.04878242606948744,-0.18860108793527774,0.18860108793527774
3M TBill SA,8,5,-0.0457614038089463,-0.18860108793527774,0.18860108793527774,-0.04741633880723181,-0.18860108793527774,0.18860108793527774
3M TBill SA,8,6,-0.1594195963091975,-0.18860108793527774,0.18860108793527774,-0.1734395011909134,-0.18860108793527774,0.18860108793527774
3M TBill SA,8,7,0.04620734068898768,-0.18860108793527774,0.18860108793527774,0.05429367914335309,-0.18860108793527774,0.18860108793527774
3M TBill SA,8,8,0.0016834157350589744,-0.18860108793527774,0.18860108793527774,0.012612814970944741,-0.18860108793527774,0.18860108793527774
3M TBill SA,8,9,-0.002260961873728822,-0.18860108793527774,0.18860108793527774,-0.004876586391209302,-0.18860108793527774,0.18860108793527774
3M TBill SA,8,10,0.11236045378831779,-0.18860108793527774,0.18860108793527774,0.14535088653251083,-0.18860108793527774,0.18860108793527774
3M TBill SA,8,11,-0.09355614476964486,-0.18860108793527774,0.18860108793527774,-0.13420653595658616,-0.18860108793527774,0.18860108793527774
3M TBill SA,8,12,-0.013400892162921705,-0.18860108793527774,0.18860108793527774,-0.05356019061752977,-0.18860108793527774,0.18860108793527774
3M TBill SA,8,13,-0.13231082269692684,-0.18860108793527774,0.18860108793527774,-0.125388689973983,-0.18860108793527774,0.18860108793527774
3M TBill SA,8,14,-0.09983435407938918,-0.18860108793527774,0.18860108793527774,-0.14509719625436973,-0.18860108793527774,0.18860108793527774
3M TBill SA,8,15,-0.046159560516259655,-0.18860108793527774,0.18860108793527774,-0.01475823612546965,-0.18860108793527774,0.18860108793527774
3M TBill SA,8,16,0.013503856779829593,-0.18860108793527774,0.18860108793527774,0.0698347217258407,-0.18860108793527774,0.18860108793527774
3M TBill SA,8,17,-0.01839219098190174,-0.18860108793527774,0.18860108793527774,-0.06463451049723276,-0.18860108793527774,0.18860108793527774
3M TBill SA,8,18,0.0015412745523859064,-0.18860108793527774,0.18860108793527774,0.005932060667108696,-0.18860108793527774,0.18860108793527774
3M TBill SA,8,19,-0.0025710522052202795,-0.18860108793527774,0.18860108793527774,-0.06209393293894068,-0.18860108793527774,0.18860108793527774
3M TBill SA,8,20,-0.044535601202980356,-0.18860108793527774,0.18860108793527774,-0.13947544428459996,-0.18860108793527774,0.18860108793527774
US CPI SA,8,0,1.0,-0.18860108793527774,0.18860108793527774,1.0,-0.18860108793527774,0.18860108793527774
US CPI SA,8,1,0.10157687120144186,-0.18860108793527774,0.18860108793527774,0.10252618775472642,-0.18860108793527774,0.18860108793527774
US CPI SA,8,2,-0.0382179952908099,-0.18860108793527774,0.18860108793527774,-0.04997603779429219,-0.18860108793527774,0.18860108793527774
US CPI SA,8,3,0.039163146680078684,-0.18860108793527774,0.18860108793527774,0.05025013692737812,-0.18860108793527774,0.18860108793527774
US CPI SA,8,4,-0.09461227264891076,-0.18860108793527774,0.18860108793527774,-0.11172634496133578,-0.18860108793527774,0.18860108793527774
US CPI SA,8,5,-0.019983601415803846,-0.18860108793527774,0.18860108793527774,0.006986533027728889,-0.18860108793527774,0.18860108793527774
US CPI SA,8,6,-0.055875709479227084,-0.18860108793527774,0.18860108793527774,-0.0724638538319319,-0.18860108793527774,0.18860108793527774
US CPI SA,8,7,-0.056471534430310104,-0.18860108793527774,0.18860108793527774,-0.03675823120577703,-0.18860108793527774,0.18860108793527774
US CPI SA,8,8,-0.07114432860389461,-0.18860108793527774,0.18860108793527774,-0.08633219385202637,-0.18860108793527774,0.18860108793527774
US CPI SA,8,9,0.018016575624580197,-0.18860108793527774,0.18860108793527774,0.03905212865414285,-0.18860108793527774,0.18860108793527774
US CPI SA,8,10,0.04594051488514463,-0.18860108793527774,0.18860108793527774,0.02684613092065991,-0.18860108793527774,0.18860108793527774
US CPI SA,8,11,-0.059823935775241054,-0.18860108793527774,0.18860108793527774,-0.07702442151061621,-0.18860108793527774,0.18860108793527774
US CPI SA,8,12,-0.19231920152588564,-0.18860108793527774,0.18860108793527774,-0.23145663328785998,-0.18860108793527774,0.18860108793527774
US CPI SA,8,13,0.05444266740044031,-0.18860108793527774,0.18860108793527774,0.10544615856139676,-0.18860108793527774,0.18860108793527774
US CPI SA,8,14,0.1887737069762112,-0.18860108793527774,0.18860108793527774,0.20035286164820282,-0.18860108793527774,0.18860108793527774
US CPI SA,8,15,-0.0029078012696662774,-0.18860108793527774,0.18860108793527774,-0.04058731793293992,-0.18860108793527774,0.18860108793527774
US CPI SA,8,16,-0.16807918726320212,-0.18860108793527774,0.18860108793527774,-0.2882906224278957,-0.18860108793527774,0.18860108793527774
US CPI SA,8,17,-0.02861184304868128,-0.18860108793527774,0.18860108793527774,0.005587866884995575,-0.18860108793527774,0.18860108793527774
US CPI SA,8,18,-0.030032296305588388,-0.18860108793527774,0.18860108793527774,0.01815989947790464,-0.18860108793527774,0.18860108793527774
US CPI SA,8,19,0.02821941264201625,-0.18860108793527774,0.18860108793527774,0.059642422769760534,-0.18860108793527774,0.18860108793527774
US CPI SA,8,20,0.07551798109090292,-0.18860108793527774,0.18860108793527774,0.00032261300423399447,-0.18860108793527774,0.18860108793527774
US IP SA,8,0,1.0,-0.18860108793527774,0.18860108793527774,1.0,-0.18860108793527774,0.18860108793527774
US IP SA,8,1,0.0768778635605957,-0.18860108793527774,0.18860108793527774,0.07759634826676948,-0.18860108793527774,0.18860108793527774
US IP SA,8,2,0.012236188762091033,-0.18860108793527774,0.18860108793527774,0.006484913903747486,-0.18860108793527774,0.18860108793527774
US IP SA,8,3,0.06211020025546806,-0.18860108793527774,0.18860108793527774,0.06280121028498813,-0.18860108793527774,0.18860108793527774
US IP SA,8,4,-0.09223094719111118,-0.18860108793527774,0.18860108793527774,-0.10663553483133631,-0.18860108793527774,0.18860108793527774
US IP SA,8,5,-0.058698729624683504,-0.18860108793527774,0.18860108793527774,-0.047293012826874994,-0.18860108793527774,0.18860108793527774
US IP SA,8,6,0.002537508375325369,-0.18860108793527774,0.18860108793527774,0.008616082904308358,-0.18860108793527774,0.18860108793527774
US IP SA,8,7,-0.15851911815179812,-0.18860108793527774,0.18860108793527774,-0.15986070690838183,-0.18860108793527774,0.18860108793527774
US IP SA,8,8,-0.14392739853342096,-0.18860108793527774,0.18860108793527774,-0.1388784614052894,-0.18860108793527774,0.18860108793527774
US IP SA,8,9,-0.0007840251794422816,-0.18860108793527774,0.18860108793527774,0.010011789804575465,-0.18860108793527774,0.18860108793527774
US IP SA,8,10,0.04564774240274293,-0.18860108793527774,0.18860108793527774,0.07411065641112188,-0.18860108793527774,0.18860108793527774
US IP SA,8,11,-0.05564561692452105,-0.18860108793527774,0.18860108793527774,-0.08979280613873285,-0.18860108793527774,0.18860108793527774
US IP SA,8,12,-0.051746333461038935,-0.18860108793527774,0.18860108793527774,-0.10458850213497142,-0.18860108793527774,0.18860108793527774
US IP SA,8,13,-0.09333364203690782,-0.18860108793527774,0.18860108793527774,-0.12140912071793653,-0.18860108793527774,0.18860108793527774
US IP SA,8,14,-0.058208025925835634,-0.18860108793527774,0.18860108793527774,-0.059787479019434216,-0.18860108793527774,0.18860108793527774
US IP SA,8,15,-0.03490323611346396,-0.18860108793527774,0.18860108793527774,-0.09129103157750165,-0.18860108793527774,0.18860108793527774
US IP SA,8,16,-0.17344282382721843,-0.18860108793527774,0.18860108793527774,-0.266853017732436,-0.18860108793527774,0.18860108793527774
US IP SA,8,17,0.002946875777813333,-0.18860108793527774,0.18860108793527774,0.00483570804193609,-0.18860108793527774,0.18860108793527774
US IP SA,8,18,-0.0020109303591181664,-0.18860108793527774,0.18860108793527774,-0.04290906112690082,-0.18860108793527774,0.18860108793527774
US IP SA,8,19,0.10149110809499039,-0.18860108793527774,0.18860108793527774,0.07583721555077519,-0.18860108793527774,0.18860108793527774
US IP SA,8,20,0.10816247835727245,-0.18860108793527774,0.18860108793527774,-0.015467651443931352,-0.18860108793527774,0.18860108793527774
US Unemployment SA,8,0,1.0,-0.18860108793527774,0.18860108793527774,1.0,-0.18860108793527774,0.18860108793527774
US Unemployment SA,8,1,0.03433009280052367,-0.18860108793527774,0.18860108793527774,0.03465093478931361,-0.18860108793527774,0.18860108793527774
US Unemployment SA,8,2,0.07198475617159804,-0.18860108793527774,0.18860108793527774,0.0722289962736597,-0.18860108793527774,0.18860108793527774
US Unemployment SA,8,3,0.031132438244083536,-0.18860108793527774,0.18860108793527774,0.027336562101488646,-0.18860108793527774,0.18860108793527774
US Unemployment SA,8,4,0.00726761670597513,-0.18860108793527774,0.18860108793527774,0.00040353839643797305,-0.18860108793527774,0.18860108793527774
US Unemployment SA,8,5,0.047536536394442865,-0.18860108793527774,0.18860108793527774,0.04564113231527662,-0.18860108793527774,0.18860108793527774
US Unemployment SA,8,6,0.015607406524841777,-0.18860108793527774,0.18860108793527774,0.012326921698582273,-0.18860108793527774,0.18860108793527774
US Unemployment SA,8,7,-0.06589391998402798,-0.18860108793527774,0.18860108793527774,-0.0790519428804461,-0.18860108793527774,0.18860108793527774
US Unemployment SA,8,8,-0.10055906549849533,-0.18860108793527774,0.18860108793527774,-0.11052978273063759,-0.18860108793527774,0.18860108793527774
US Unemployment SA,8,9,0.187445913478863,-0.18860108793527774,0.18860108793527774,0.22616159929469573,-0.18860108793527774,0.18860108793527774
US Unemployment SA,8,10,-0.03681249370572071,-0.18860108793527774,0.18860108793527774,-0.040529362538052366,-0.18860108793527774,0.18860108793527774
US Unemployment SA,8,11,-0.03984256886447606,-0.18860108793527774,0.18860108793527774,-0.07748426142363941,-0.18860108793527774,0.18860108793527774
US Unemployment SA,8,12,-0.22944821458834938,-0.18860108793527774,0.18860108793527774,-0.27190899869672763,-0.18860108793527774,0.18860108793527774
US Unemployment SA,8,13,-0.023568923793898276,-0.18860108793527774,0.18860108793527774,0.027541157743157695,-0.18860108793527774,0.18860108793527774
US Unemployment SA,8,14,0.08138888758706955,-0.18860108793527774,0.18860108793527774,0.14448221811603856,-0.18860108793527774,0.18860108793527774
US Unemployment SA,8,15,-0.04545759273476052,-0.18860108793527774,0.18860108793527774,-0.07014074226066778,-0.18860108793527774,0.18860108793527774
US Unemployment SA,8,16,-0.1295884507849877,-0.18860108793527774,0.18860108793527774,-0.19179649762867373,-0.18860108793527774,0.18860108793527774
US Unemployment SA,8,17,-0.025327971133617372,-0.18860108793527774,0.18860108793527774,0.060255257582603174,-0.18860108793527774,0.18860108793527774
US Unemployment SA,8,18,-0.023185372610867925,-0.18860108793527774,0.18860108793527774,-0.018040675089663658,-0.18860108793527774,0.18860108793527774
US Unemployment SA,8,19,0.07054069704186373,-0.18860108793527774,0.18860108793527774,0.06651920842980574,-0.18860108793527774,0.18860108793527774
US Unemployment SA,8,20,-0.00491989524719489,-0.18860108793527774,0.18860108793527774,-0.08783214770516733,-0.18860108793527774,0.18860108793527774
USDebt SA,8,0,1.0,-0.18860108793527774,0.18860108793527774,1.0,-0.18860108793527774,0.18860108793527774
USDebt SA,8,1,0.005753715178598723,-0.18860108793527774,0.18860108793527774,0.005807488217651039,-0.18860108793527774,0.18860108793527774
USDebt SA,8,2,-0.01988139835627114,-0.18860108793527774,0.18860108793527774,-0.020290930349945,-0.18860108793527774,0.18860108793527774
USDebt SA,8,3,0.0612971745749755,-0.18860108793527774,0.18860108793527774,0.06331459079725726,-0.18860108793527774,0.18860108793527774
USDebt SA,8,4,-0.08588504434827293,-0.18860108793527774,0.18860108793527774,-0.09083364592336472,-0.18860108793527774,0.18860108793527774
USDebt SA,8,5,0.02772027084436827,-0.18860108793527774,0.18860108793527774,0.03389587000999249,-0.18860108793527774,0.18860108793527774
USDebt SA,8,6,0.020247161715848956,-0.18860108793527774,0.18860108793527774,0.012817783362344022,-0.18860108793527774,0.18860108793527774
USDebt SA,8,7,0.067936153397528,-0.18860108793527774,0.18860108793527774,0.08624061018532087,-0.18860108793527774,0.18860108793527774
USDebt SA,8,8,-0.07621733919381005,-0.18860108793527774,0.18860108793527774,-0.09810004950869333,-0.18860108793527774,0.18860108793527774
USDebt SA,8,9,-0.16995553088238546,-0.18860108793527774,0.18860108793527774,-0.18014466931298795,-0.18860108793527774,0.18860108793527774
USDebt SA,8,10,-0.035785042641363306,-0.18860108793527774,0.18860108793527774,-0.050650489734578245,-0.18860108793527774,0.18860108793527774
USDebt SA,8,11,0.10957870712621443,-0.18860108793527774,0.18860108793527774,0.15207396864658412,-0.18860108793527774,0.18860108793527774
USDebt SA,8,12,-0.2285800743776738,-0.18860108793527774,0.18860108793527774,-0.2775028403112055,-0.18860108793527774,0.18860108793527774
USDebt SA,8,13,-0.06821843305531775,-0.18860108793527774,0.18860108793527774,-0.10791418624341016,-0.18860108793527774,0.18860108793527774
USDebt SA,8,14,-0.0040399562399152985,-0.18860108793527774,0.18860108793527774,-0.02409361208049357,-0.18860108793527774,0.18860108793527774
USDebt SA,8,15,-0.18157202172886674,-0.18860108793527774,0.18860108793527774,-0.14501376296084947,-0.18860108793527774,0.18860108793527774
USDebt SA,8,16,0.09501570058573885,-0.18860108793527774,0.18860108793527774,0.09369626723164175,-0.18860108793527774,0.18860108793527774
USDebt SA,8,17,-0.09839894796866591,-0.18860108793527774,0.18860108793527774,-0.19715406442244685,-0.18860108793527774,0.18860108793527774
USDebt SA,8,18,-0.1271843987757428,-0.18860108793527774,0.18860108793527774,-0.23354218818609213,-0.18860108793527774,0.18860108793527774
USDebt SA,8,19,-0.059275952082288225,-0.18860108793527774,0.18860108793527774,-0.07662684983865378,-0.18860108793527774,0.18860108793527774
USDebt SA,8,20,-0.06558517733460692,-0.18860108793527774,0.18860108793527774,-0.06350734077030859,-0.18860108793527774,0.18860108793527774
USDXY SA,8,0,1.0,-0.18860108793527774,0.18860108793527774,1.0,-0.18860108793527774,0.18860108793527774
USDXY SA,8,1,-0.06753688791813643,-0.18860108793527774,0.18860108793527774,-0.06816807378653023,-0.18860108793527774,0.18860108793527774
USDXY SA,8,2,0.013639259339878435,-0.18860108793527774,0.18860108793527774,0.009292900624407335,-0.18860108793527774,0.18860108793527774
USDXY SA,8,3,-0.09914063028857419,-0.18860108793527774,0.18860108793527774,-0.10087868204466423,-0.18860108793527774,0.18860108793527774
USDXY SA,8,4,0.013872339551045243,-0.18860108793527774,0.18860108793527774,0.0007142099794192622,-0.18860108793527774,0.18860108793527774
USDXY SA,8,5,-0.0303293979814316,-0.18860108793527774,0.18860108793527774,-0.029580339949108924,-0.18860108793527774,0.18860108793527774
USDXY SA,8,6,0.026900950158485683,-0.18860108793527774,0.18860108793527774,0.014327351687995532,-0.18860108793527774,0.18860108793527774
USDXY SA,8,7,-0.02658216681956004,-0.18860108793527774,0.18860108793527774,-0.024266128696820564,-0.18860108793527774,0.18860108793527774
USDXY SA,8,8,-0.10135122146341759,-0.18860108793527774,0.18860108793527774,-0.12115181319847736,-0.18860108793527774,0.18860108793527774
USDXY SA,8,9,0.08543783739504326,-0.18860108793527774,0.18860108793527774,0.08519036521311868,-0.18860108793527774,0.18860108793527774
USDXY SA,8,10,-0.042844464287558615,-0.18860108793527774,0.18860108793527774,-0.04349416323658606,-0.18860108793527774,0.18860108793527774
USDXY SA,8,11,0.05014775960006119,-0.18860108793527774,0.18860108793527774,0.029644230949178934,-0.18860108793527774,0.18860108793527774
USDXY SA,8,12,-0.2889550165342714,-0.18860108793527774,0.18860108793527774,-0.3158658204495519,-0.18860108793527774,0.18860108793527774
USDXY SA,8,13,0.19221848904749084,-0.18860108793527774,0.18860108793527774,0.19768201021653714,-0.18860108793527774,0.18860108793527774
USDXY SA,8,14,-0.0494925553301567,-0.18860108793527774,0.18860108793527774,-0.042783426309739046,-0.18860108793527774,0.18860108793527774
USDXY SA,8,15,0.04971840924984605,-0.18860108793527774,0.18860108793527774,-0.00762399346536347,-0.18860108793527774,0.18860108793527774
USDXY SA,8,16,0.06276757538844685,-0.18860108793527774,0.18860108793527774,0.1162847658860168,-0.18860108793527774,0.18860108793527774
USDXY SA,8,17,-0.030029027389245778,-0.18860108793527774,0.18860108793527774,-0.060873384683680774,-0.18860108793527774,0.18860108793527774
USDXY SA,8,18,0.01725739649658126,-0.18860108793527774,0.18860108793527774,0.06535606818599596,-0.18860108793527774,0.18860108793527774
USDXY SA,8,19,-0.04131192580478222,-0.18860108793527774,0.18860108793527774,-0.08716352036637724,-0.18860108793527774,0.18860108793527774
USDXY SA,8,20,0.09787008932939328,-0.18860108793527774,0.18860108793527774,0.09355192567703619,-0.18860108793527774,0.18860108793527774
