Period,IRF,Lower Conf,Upper Conf,Shock Variable,Response Variable
0,1.0,1.0,1.0,3M TBill SA,3M TBill SA
1,0.47005625459626726,0.21773301316610866,0.7223794960264258,3M TBill SA,3M TBill SA
2,0.15114420395982928,-0.12030423358050366,0.4225926415001622,3M TBill SA,3M TBill SA
3,0.18947358355095978,-0.08543776863661878,0.46438493573853834,3M TBill SA,3M TBill SA
4,0.4358952441928477,0.15283010855855356,0.7189603798271418,3M TBill SA,3M TBill SA
5,0.22646415738813172,-0.08184230753817304,0.5347706223144365,3M TBill SA,3M TBill SA
6,0.03964271699032808,-0.2774469216917794,0.35673235567243555,3M TBill SA,3M TBill SA
7,-0.04123833277040631,-0.3551630452353195,0.27268637969450693,3M TBill SA,3M TBill SA
8,-0.0700461064555171,-0.3716406060418972,0.23154839313086303,3M TBill SA,3M TBill SA
9,-0.1281680855128955,-0.41251430569534125,0.15617813466955027,3M TBill SA,3M TBill SA
10,-0.20312937795716848,-0.482957357571949,0.07669860165761203,3M TBill SA,3M TBill SA
11,-0.10642162329006181,-0.36709663050655045,0.1542533839264268,3M TBill SA,3M TBill SA
12,-0.02166813488391752,-0.24696373761451013,0.20362746784667507,3M TBill SA,3M TBill SA
13,-0.06200497738821853,-0.25974140088957187,0.13573144611313478,3M TBill SA,3M TBill SA
14,-0.012701757965098232,-0.1992079717508528,0.17380445582065635,3M TBill SA,3M TBill SA
15,0.02470597183989447,-0.15242819044673808,0.20184013412652704,3M TBill SA,3M TBill SA
16,0.02834635986511965,-0.13668352431177663,0.19337624404201595,3M TBill SA,3M TBill SA
17,0.019721859086262995,-0.13562531842328723,0.17506903659581324,3M TBill SA,3M TBill SA
18,-0.017199568100030285,-0.16405605726738012,0.12965692106731955,3M TBill SA,3M TBill SA
19,0.010854259551322253,-0.13029278813420997,0.15200130723685445,3M TBill SA,3M TBill SA
20,0.031078728473797928,-0.10758664292549076,0.1697440998730866,3M TBill SA,3M TBill SA
0,0.0,0.0,0.0,3M TBill SA,US CPI SA
1,0.33892575008374864,-0.7256921972120698,1.403543697379567,3M TBill SA,US CPI SA
2,-1.2438760024870155,-2.4427204026565748,-0.045031602317456176,3M TBill SA,US CPI SA
3,0.1677245783706473,-1.1006949749754238,1.4361441317167185,3M TBill SA,US CPI SA
4,0.9839811873332645,-0.26709065598168324,2.235053030648212,3M TBill SA,US CPI SA
5,-0.21013516662480014,-1.5201156855842985,1.0998453523346983,3M TBill SA,US CPI SA
6,0.9302695945331803,-0.34472078042926446,2.205259969495625,3M TBill SA,US CPI SA
7,-0.25062756990610335,-1.442970751670558,0.9417156118583514,3M TBill SA,US CPI SA
8,-0.8253401295893502,-1.9650404817937455,0.31436022261504515,3M TBill SA,US CPI SA
9,-0.13210254809638375,-1.2426437545769635,0.978438658384196,3M TBill SA,US CPI SA
10,-0.262342988419679,-1.3099256067191978,0.7852396298798396,3M TBill SA,US CPI SA
11,-0.14304621456281097,-1.1446295786123768,0.8585371494867547,3M TBill SA,US CPI SA
12,0.36906101375126055,-0.6070182395685754,1.3451402670710966,3M TBill SA,US CPI SA
13,-0.18166501196881935,-1.1236771878670833,0.7603471639294446,3M TBill SA,US CPI SA
14,-0.04963635290618529,-0.9542482487392031,0.8549755429268325,3M TBill SA,US CPI SA
15,0.29708353949189736,-0.5820900902001225,1.1762571691839172,3M TBill SA,US CPI SA
16,-0.022722330110255207,-0.8482142782656155,0.8027696180451052,3M TBill SA,US CPI SA
17,0.34227304976205,-0.4106179028930891,1.0951640024171891,3M TBill SA,US CPI SA
18,0.14239664641298483,-0.5680324834088268,0.8528257762347966,3M TBill SA,US CPI SA
19,-0.12147480730561502,-0.8187385327485573,0.5757889181373274,3M TBill SA,US CPI SA
20,-0.00951433976274714,-0.666836353903192,0.6478076743776976,3M TBill SA,US CPI SA
0,0.0,0.0,0.0,3M TBill SA,US IP SA
1,0.5187738802252553,-0.482081152273512,1.5196289127240226,3M TBill SA,US IP SA
2,-0.0071235143478978885,-1.1959159928699645,1.181668964174169,3M TBill SA,US IP SA
3,0.45924925781819914,-0.7189433152964272,1.6374418309328256,3M TBill SA,US IP SA
4,0.43223810745716973,-0.7843877794069902,1.6488639943213297,3M TBill SA,US IP SA
5,-0.07318021415088327,-1.340043413338367,1.1936829850366004,3M TBill SA,US IP SA
6,0.22490251986366014,-1.0668805873459424,1.5166856270732625,3M TBill SA,US IP SA
7,-0.5020393829604659,-1.7397963341500926,0.7357175682291608,3M TBill SA,US IP SA
8,-0.8656158524539466,-2.0573691641534992,0.32613745924560633,3M TBill SA,US IP SA
9,-1.140248994240222,-2.3184833867215993,0.03798539824115532,3M TBill SA,US IP SA
10,-0.9207006626332073,-2.0689093586118585,0.227508033345444,3M TBill SA,US IP SA
11,-0.0904654967938904,-1.1882679102787097,1.0073369166909287,3M TBill SA,US IP SA
12,0.09297415916322235,-0.9634067673106018,1.1493550856370465,3M TBill SA,US IP SA
13,0.6548730394050718,-0.3547750948446008,1.6645211736547445,3M TBill SA,US IP SA
14,0.5271518898536854,-0.4622809677970142,1.516584747504385,3M TBill SA,US IP SA
15,0.5142888545077311,-0.4423331826251098,1.470910891640572,3M TBill SA,US IP SA
16,0.4367627643440547,-0.4938297651128847,1.367355293800994,3M TBill SA,US IP SA
17,-0.19485485091371432,-1.0556919899814698,0.6659822881540413,3M TBill SA,US IP SA
18,-0.011185205157460604,-0.8362275943419126,0.8138571840269915,3M TBill SA,US IP SA
19,-0.36158816788919135,-1.1394113504013144,0.41623501462293166,3M TBill SA,US IP SA
20,-0.3374377846044935,-1.082426342402274,0.40755077319328714,3M TBill SA,US IP SA
0,0.0,0.0,0.0,3M TBill SA,US UE SA
1,-0.6556258992074327,-1.105764674284002,-0.20548712413086356,3M TBill SA,US UE SA
2,0.40779649240815347,-0.23900748390419185,1.0546004687204988,3M TBill SA,US UE SA
3,-0.10387198186410518,-0.7378641252952265,0.5301201615670161,3M TBill SA,US UE SA
4,-0.17821285087742417,-0.8015110985828962,0.44508539682804776,3M TBill SA,US UE SA
5,0.5349287085867351,-0.12231743263670325,1.1921748498101734,3M TBill SA,US UE SA
6,-0.2731096538904888,-0.9294270168986275,0.3832077091176499,3M TBill SA,US UE SA
7,0.006003438878648459,-0.5667100165208867,0.5787168942781835,3M TBill SA,US UE SA
8,0.10520019422889501,-0.41993886844122486,0.6303392568990149,3M TBill SA,US UE SA
9,0.1838159422986868,-0.31928366279241693,0.6869155473897905,3M TBill SA,US UE SA
10,0.1435556994029239,-0.34323683299515984,0.6303482318010076,3M TBill SA,US UE SA
11,0.18832418629521108,-0.3046124450869983,0.6812608176774204,3M TBill SA,US UE SA
12,0.13974024183152015,-0.33850554565967494,0.6179860293227152,3M TBill SA,US UE SA
13,-0.11650664031613983,-0.5577381738565865,0.3247248932243068,3M TBill SA,US UE SA
14,0.07172292138729033,-0.342015156968256,0.48546099974283674,3M TBill SA,US UE SA
15,-0.25777786453896007,-0.6750266338026377,0.1594709047247176,3M TBill SA,US UE SA
16,-0.25022059247505235,-0.6609994838183457,0.16055829886824102,3M TBill SA,US UE SA
17,-0.03403801334504459,-0.41544947682885647,0.3473734501387673,3M TBill SA,US UE SA
18,-0.1720213681254584,-0.5243615866455126,0.1803188503945958,3M TBill SA,US UE SA
19,0.11155947211178335,-0.22911989767786178,0.4522388419014285,3M TBill SA,US UE SA
20,0.17677402004171283,-0.1582846072825007,0.5118326473659264,3M TBill SA,US UE SA
0,0.0,0.0,0.0,3M TBill SA,USDebt SA
1,31.638375685157108,-24.399653160674227,87.67640453098844,3M TBill SA,USDebt SA
2,-8.135726826431064,-78.40766906585147,62.13621541298933,3M TBill SA,USDebt SA
3,-76.41127479347264,-145.00021255280285,-7.822337034142421,3M TBill SA,USDebt SA
4,42.6913998314445,-27.186456286424004,112.569255949313,3M TBill SA,USDebt SA
5,-60.639789785816944,-134.98720873460059,13.707629162966711,3M TBill SA,USDebt SA
6,60.851947199213015,-16.534969280044564,138.23886367847058,3M TBill SA,USDebt SA
7,4.969703018417988,-58.25455474289234,68.19396077972831,3M TBill SA,USDebt SA
8,-29.39843937409764,-92.17411888302728,33.37724013483199,3M TBill SA,USDebt SA
9,47.27173589848988,-15.00614619815019,109.54961799512995,3M TBill SA,USDebt SA
10,-34.25200132364198,-94.11105284088933,25.607050193605367,3M TBill SA,USDebt SA
11,2.640877996187591,-50.673501038008226,55.95525703038341,3M TBill SA,USDebt SA
12,12.795038703956205,-35.49889508973598,61.088972497648385,3M TBill SA,USDebt SA
13,-19.97064957962504,-64.24433221309866,24.30303305384858,3M TBill SA,USDebt SA
14,13.047573104641444,-28.013185614330872,54.10833182361376,3M TBill SA,USDebt SA
15,-12.060962554504847,-50.290773446033036,26.16884833702334,3M TBill SA,USDebt SA
16,8.913977719905647,-27.580764010100815,45.408719449912105,3M TBill SA,USDebt SA
17,8.099028442127054,-25.187678567740466,41.38573545199458,3M TBill SA,USDebt SA
18,-4.128944564147478,-34.02917438243419,25.771285254139237,3M TBill SA,USDebt SA
19,5.923304413203981,-23.227868255033897,35.07447708144186,3M TBill SA,USDebt SA
20,-9.61919380726188,-37.16775751834226,17.929369903818504,3M TBill SA,USDebt SA
0,0.0,0.0,0.0,3M TBill SA,USDXY SA
1,0.8053639762176118,-2.5532675452817517,4.163995497716975,3M TBill SA,USDXY SA
2,-1.262019041963692,-4.7180463850361285,2.194008301108745,3M TBill SA,USDXY SA
3,0.03585350652267705,-3.5791224759139495,3.6508294889593036,3M TBill SA,USDXY SA
4,-0.5366515473756731,-4.203870764368609,3.1305676696172626,3M TBill SA,USDXY SA
5,0.7528610629693986,-3.088309206694264,4.594031332633061,3M TBill SA,USDXY SA
6,2.061317130055747,-1.5433817814779847,5.6660160415894785,3M TBill SA,USDXY SA
7,0.8117134513798753,-2.8595518661029087,4.482978768862659,3M TBill SA,USDXY SA
8,0.3887110281632672,-2.7408274939374278,3.518249550263962,3M TBill SA,USDXY SA
9,-0.2975213549245505,-3.360190917466376,2.7651482076172753,3M TBill SA,USDXY SA
10,-1.335824152039963,-4.115793913066778,1.4441456089868514,3M TBill SA,USDXY SA
11,-0.34250915894599654,-3.0310565028761496,2.3460381849841565,3M TBill SA,USDXY SA
12,0.23292810114296614,-2.2794143756137126,2.745270577899645,3M TBill SA,USDXY SA
13,0.8114182195381809,-1.5095011904919884,3.13233762956835,3M TBill SA,USDXY SA
14,1.25196421322384,-1.020890105728089,3.524818532175769,3M TBill SA,USDXY SA
15,-0.4224042729426714,-2.5998875504339742,1.7550790045486315,3M TBill SA,USDXY SA
16,-0.8954325187330312,-3.023805742566144,1.2329407051000816,3M TBill SA,USDXY SA
17,-0.6316113697779007,-2.6899211632266815,1.4266984236708802,3M TBill SA,USDXY SA
18,-0.7668536138946276,-2.699344933430696,1.1656377056414406,3M TBill SA,USDXY SA
19,0.4082638923864183,-1.4114915242140804,2.228019308986917,3M TBill SA,USDXY SA
20,0.8668949735870886,-0.9447241126067907,2.6785140597809676,3M TBill SA,USDXY SA
0,0.0,0.0,0.0,US CPI SA,3M TBill SA
1,0.01977949639110914,-0.035706087472043686,0.07526508025426196,US CPI SA,3M TBill SA
2,0.02517791140504673,-0.034824254782793065,0.08518007759288652,US CPI SA,3M TBill SA
3,0.0026989557697421653,-0.05799969301221243,0.06339760455169675,US CPI SA,3M TBill SA
4,-0.011425032266135948,-0.07388384587899327,0.05103378134672137,US CPI SA,3M TBill SA
5,0.03915648270656309,-0.03083088600779113,0.10914385142091731,US CPI SA,3M TBill SA
6,0.02350958242652287,-0.04631681242259779,0.09333597727564354,US CPI SA,3M TBill SA
7,0.004894788862542057,-0.05508752107355211,0.06487709879863622,US CPI SA,3M TBill SA
8,0.008538416428049568,-0.0470519602412354,0.06412879309733453,US CPI SA,3M TBill SA
9,0.009902360455797779,-0.03921299336155627,0.05901771427315183,US CPI SA,3M TBill SA
10,0.007630625581280552,-0.036601495425630556,0.05186274658819166,US CPI SA,3M TBill SA
11,-0.002174382397993081,-0.04559732912104364,0.04124856432505748,US CPI SA,3M TBill SA
12,-0.025254042841057235,-0.06506351144787678,0.014555425765762318,US CPI SA,3M TBill SA
13,-0.01645706583899087,-0.05683262890902933,0.023918497231047588,US CPI SA,3M TBill SA
14,-0.020973185466036732,-0.061187354191175394,0.019240983259101934,US CPI SA,3M TBill SA
15,-0.012834070853781888,-0.052335536281087405,0.02666739457352363,US CPI SA,3M TBill SA
16,0.006055978126086815,-0.02901747883349084,0.04112943508566447,US CPI SA,3M TBill SA
17,0.01704021728952646,-0.012602542694216921,0.046682977273269845,US CPI SA,3M TBill SA
18,0.012775064579485471,-0.014613451442240905,0.04016358060121185,US CPI SA,3M TBill SA
19,0.010264077345601103,-0.015747880810981295,0.0362760355021835,US CPI SA,3M TBill SA
20,0.0011683659266189003,-0.026005691608300404,0.028342423461538205,US CPI SA,3M TBill SA
0,1.0,1.0,1.0,US CPI SA,US CPI SA
1,-0.004545251779928814,-0.23865348557594318,0.22956298201608555,US CPI SA,US CPI SA
2,0.08382715253785938,-0.19051929131196066,0.3581735963876794,US CPI SA,US CPI SA
3,0.06003189949777288,-0.23097767214960396,0.3510414711451497,US CPI SA,US CPI SA
4,-0.4492841599491355,-0.7358302314461682,-0.1627380884521028,US CPI SA,US CPI SA
5,0.017385823046184856,-0.27774669864071344,0.31251834473308315,US CPI SA,US CPI SA
6,0.01924411414706246,-0.2758100197795838,0.3142982480737087,US CPI SA,US CPI SA
7,-0.23019785115407904,-0.512749519618812,0.052353817310653916,US CPI SA,US CPI SA
8,0.08917069401658081,-0.1956855810599802,0.3740269690931418,US CPI SA,US CPI SA
9,-0.0950165125773551,-0.3685090118606816,0.17847598670597137,US CPI SA,US CPI SA
10,-0.05077029676644012,-0.3345486546016731,0.23300806106879285,US CPI SA,US CPI SA
11,0.20911086356966857,-0.06242403780442812,0.48064576494376526,US CPI SA,US CPI SA
12,0.059806178719012934,-0.20284637643674425,0.32245873387477014,US CPI SA,US CPI SA
13,0.0802882509227804,-0.17929220327079376,0.3398687051163546,US CPI SA,US CPI SA
14,0.10420205676531114,-0.14840386345659207,0.35680797698721434,US CPI SA,US CPI SA
15,-0.07784325751178423,-0.3235079119714046,0.16782139694783615,US CPI SA,US CPI SA
16,-0.05056201381095812,-0.28872070372822445,0.18759667610630823,US CPI SA,US CPI SA
17,-0.01778584405625538,-0.2575700496622631,0.22199836154975233,US CPI SA,US CPI SA
18,-0.13076348112297836,-0.3606160102636891,0.09908904801773238,US CPI SA,US CPI SA
19,-0.044724406424950895,-0.2664353073509884,0.1769864945010866,US CPI SA,US CPI SA
20,-0.005998152574765193,-0.21241639043475477,0.2004200852852244,US CPI SA,US CPI SA
0,0.0,0.0,0.0,US CPI SA,US IP SA
1,0.13509062868129573,-0.08499621518536438,0.35517747254795584,US CPI SA,US IP SA
2,-0.08697673399741937,-0.3499197431380813,0.17596627514324256,US CPI SA,US IP SA
3,-0.35102459871492403,-0.614462043958498,-0.08758715347135004,US CPI SA,US IP SA
4,0.04892261559786165,-0.2208700740813902,0.3187153052771135,US CPI SA,US IP SA
5,-0.26312902394493465,-0.5402194505848333,0.013961402694964042,US CPI SA,US IP SA
6,0.01574053339806163,-0.2758117531371706,0.3072928199332939,US CPI SA,US IP SA
7,0.11295613083140305,-0.15958264119912097,0.38549490286192706,US CPI SA,US IP SA
8,-0.004186578641152648,-0.2774689686098559,0.26909581132755067,US CPI SA,US IP SA
9,0.2205686783564342,-0.05299352896727341,0.49413088568014185,US CPI SA,US IP SA
10,0.11641558279277324,-0.17473254977214409,0.4075637153576906,US CPI SA,US IP SA
11,0.030340212706564867,-0.253306058010653,0.31398648342378277,US CPI SA,US IP SA
12,0.1215596406278055,-0.14741665849258018,0.3905359397481912,US CPI SA,US IP SA
13,-0.18974222714989725,-0.45720066125632397,0.07771620695652948,US CPI SA,US IP SA
14,-0.11766857673405864,-0.373860262542449,0.1385231090743317,US CPI SA,US IP SA
15,-0.1438432608225909,-0.40088007721085767,0.11319355556567584,US CPI SA,US IP SA
16,-0.14264753737302524,-0.39320563217942217,0.10791055743337166,US CPI SA,US IP SA
17,0.07936117348792786,-0.17490496368626168,0.3336273106621174,US CPI SA,US IP SA
18,0.029525001005483414,-0.22077585421828252,0.2798258562292494,US CPI SA,US IP SA
19,0.09633094772680899,-0.14611295505766564,0.33877485051128364,US CPI SA,US IP SA
20,0.10963463300751622,-0.1187101538816257,0.33797941989665814,US CPI SA,US IP SA
0,0.0,0.0,0.0,US CPI SA,US UE SA
1,-0.09906072579521308,-0.19804571272310617,-7.573886731997159e-05,US CPI SA,US UE SA
2,0.028133107812446864,-0.12018297791484149,0.1764491935397352,US CPI SA,US UE SA
3,0.04196560909510163,-0.10845355858786762,0.1923847767780709,US CPI SA,US UE SA
4,-0.020471161130428045,-0.16696342128885056,0.12602109902799447,US CPI SA,US UE SA
5,0.0554805805467216,-0.09585701518931401,0.20681817628275723,US CPI SA,US UE SA
6,0.047623330881337196,-0.10530603176488931,0.2005526935275637,US CPI SA,US UE SA
7,0.029720364716732794,-0.11678437348671118,0.17622510292017676,US CPI SA,US UE SA
8,0.06630097138633623,-0.0730410408899351,0.20564298366260755,US CPI SA,US UE SA
9,-0.03596112631164488,-0.1733386268517848,0.10141637422849503,US CPI SA,US UE SA
10,-0.022112277419344115,-0.1584766140667338,0.11425205922804556,US CPI SA,US UE SA
11,-0.06157506117966588,-0.1970997792621074,0.07394965690277563,US CPI SA,US UE SA
12,-0.11494753226205663,-0.23699643032277978,0.007101365798666534,US CPI SA,US UE SA
13,0.02519453493180654,-0.09248828336998104,0.14287735323359413,US CPI SA,US UE SA
14,-0.004429778435777028,-0.12064628122458967,0.1117867243530356,US CPI SA,US UE SA
15,0.051131494299165435,-0.06341972728695502,0.16568271588528588,US CPI SA,US UE SA
16,0.09714819409281258,-0.014630897605608886,0.20892728579123404,US CPI SA,US UE SA
17,-0.007455272466827168,-0.11306096343093976,0.09815041849728541,US CPI SA,US UE SA
18,0.021485113929016038,-0.08271374732490375,0.12568397518293584,US CPI SA,US UE SA
19,-0.004521272125775678,-0.106540897150246,0.09749835289869466,US CPI SA,US UE SA
20,-0.05525921470558286,-0.1532320441479646,0.04271361473679887,US CPI SA,US UE SA
0,0.0,0.0,0.0,US CPI SA,USDebt SA
1,4.084706134852616,-8.23799046427056,16.407402733975793,US CPI SA,USDebt SA
2,-2.612847418927149,-19.454434821880703,14.228739984026404,US CPI SA,USDebt SA
3,8.634553676325634,-8.503004132693505,25.772111485344773,US CPI SA,USDebt SA
4,-19.595800941861174,-36.741390634416476,-2.4502112493058696,US CPI SA,USDebt SA
5,25.124893126897113,6.706245400109363,43.54354085368486,US CPI SA,USDebt SA
6,-11.937269066204543,-31.442522681337262,7.567984548928177,US CPI SA,USDebt SA
7,4.6265129187145675,-14.39822918145424,23.651255018883376,US CPI SA,USDebt SA
8,0.8512588991135162,-17.969810747642214,19.67232854586925,US CPI SA,USDebt SA
9,-11.114979820474403,-29.45892538825549,7.228965747306685,US CPI SA,USDebt SA
10,0.38020546632853236,-17.325661955369366,18.086072888026433,US CPI SA,USDebt SA
11,3.093617332045894,-13.59728525345043,19.78451991754222,US CPI SA,USDebt SA
12,-0.7303961280402451,-15.753803420013737,14.293011163933246,US CPI SA,USDebt SA
13,4.957207324301878,-8.94398387513858,18.858398523742338,US CPI SA,USDebt SA
14,0.04626104503727513,-12.930568208607859,13.023090298682408,US CPI SA,USDebt SA
15,-0.8857307827817812,-12.975822081431502,11.20436051586794,US CPI SA,USDebt SA
16,-1.5622583103091,-12.727127336838171,9.602610716219973,US CPI SA,USDebt SA
17,0.7385871174043016,-9.064436074894944,10.541610309703549,US CPI SA,USDebt SA
18,0.20447515225912394,-8.855667049466536,9.264617353984782,US CPI SA,USDebt SA
19,0.42719607948858385,-8.008503885593944,8.86289604457111,US CPI SA,USDebt SA
20,0.5224800605870746,-7.200596524474829,8.245556645648978,US CPI SA,USDebt SA
0,0.0,0.0,0.0,US CPI SA,USDXY SA
1,-0.01047546003118806,-0.7490345792598601,0.728083659197484,US CPI SA,USDXY SA
2,1.2871577184305756,0.5113516551525716,2.0629637817085795,US CPI SA,USDXY SA
3,0.4207901730014045,-0.3819397738541526,1.2235201198569616,US CPI SA,USDXY SA
4,0.35226435388160315,-0.4567016719186272,1.1612303796818335,US CPI SA,USDXY SA
5,-0.30157243656371274,-1.1293710941518125,0.5262262210243869,US CPI SA,USDXY SA
6,-0.6905522527446268,-1.5006584688203368,0.11955396333108326,US CPI SA,USDXY SA
7,-0.3338413457714873,-1.103618414362535,0.4359357228195605,US CPI SA,USDXY SA
8,-0.030510853869750523,-0.8084304772772187,0.7474087695377177,US CPI SA,USDXY SA
9,-0.06602847632548894,-0.8099910241948985,0.6779340715439207,US CPI SA,USDXY SA
10,0.3788846833165784,-0.38251595297759106,1.1402853196107479,US CPI SA,USDXY SA
11,-0.10484163908248109,-0.8248018264777238,0.6151185483127616,US CPI SA,USDXY SA
12,0.06678802014855806,-0.5987616306361021,0.7323376709332181,US CPI SA,USDXY SA
13,0.12275465915972422,-0.5283682699246333,0.7738775882440816,US CPI SA,USDXY SA
14,-0.0257159224620625,-0.6457592274248551,0.59432738250073,US CPI SA,USDXY SA
15,0.2799381625116367,-0.33051925829432904,0.8903955833176025,US CPI SA,USDXY SA
16,0.12819346814838267,-0.4599816037976177,0.7163685400943831,US CPI SA,USDXY SA
17,-0.09948251896167568,-0.6675851608098112,0.4686201228864598,US CPI SA,USDXY SA
18,0.03305020651674488,-0.521172580279806,0.5872729933132956,US CPI SA,USDXY SA
19,-0.23475773226772353,-0.778050461098409,0.3085349965629619,US CPI SA,USDXY SA
20,-0.2626686431558893,-0.7875096438697151,0.2621723575579366,US CPI SA,USDXY SA
0,0.0,0.0,0.0,US IP SA,3M TBill SA
1,0.038291509783519,-0.029828991661925,0.106412011228963,US IP SA,3M TBill SA
2,0.03471537379554616,-0.04359317205379699,0.11302391964488931,US IP SA,3M TBill SA
3,0.04682216140266456,-0.027883609854486936,0.12152793265981607,US IP SA,3M TBill SA
4,0.01852719318705018,-0.05163438336858747,0.08868876974268783,US IP SA,3M TBill SA
5,0.021469684826021396,-0.05563455702433781,0.0985739266763806,US IP SA,3M TBill SA
6,-0.010468843665505309,-0.09173632646167892,0.0707986391306683,US IP SA,3M TBill SA
7,-0.009128106042375659,-0.07935823147362524,0.06110201938887393,US IP SA,3M TBill SA
8,0.0029285452573445817,-0.05949086462808683,0.065347955142776,US IP SA,3M TBill SA
9,-0.007797688261603201,-0.05938978004521186,0.043794403522005455,US IP SA,3M TBill SA
10,0.011524116409698647,-0.03469199362496936,0.05774022644436666,US IP SA,3M TBill SA
11,0.015007132212098408,-0.03126270977515874,0.06127697419935556,US IP SA,3M TBill SA
12,-0.00258525923718383,-0.0470671602641755,0.04189664178980784,US IP SA,3M TBill SA
13,-0.007937405209923643,-0.05197134287870201,0.036096532458854726,US IP SA,3M TBill SA
14,-0.03008093828426591,-0.0721860640847678,0.012024187516235976,US IP SA,3M TBill SA
15,-0.028228076728129117,-0.06968399210224271,0.013227838645984473,US IP SA,3M TBill SA
16,-0.013894899038218195,-0.05293761013630017,0.02514781205986378,US IP SA,3M TBill SA
17,0.0030800536189676446,-0.030903398298447935,0.037063505536383226,US IP SA,3M TBill SA
18,0.013461103248467122,-0.017105165643560308,0.04402737214049455,US IP SA,3M TBill SA
19,0.02152787397259251,-0.006241000429352932,0.04929674837453795,US IP SA,3M TBill SA
20,0.014698319775425312,-0.01306477903263541,0.04246141858348604,US IP SA,3M TBill SA
0,0.0,0.0,0.0,US IP SA,US CPI SA
1,0.4437973804692415,0.1563791148883274,0.7312156460501555,US IP SA,US CPI SA
2,0.2241348716606542,-0.10904978261104004,0.5573195259323485,US IP SA,US CPI SA
3,0.10963280721600402,-0.22215347676519084,0.4414190911971989,US IP SA,US CPI SA
4,0.056207392188258154,-0.2496966097445248,0.3621113941210411,US IP SA,US CPI SA
5,-0.09845705520994744,-0.4121820254377936,0.2152679150178987,US IP SA,US CPI SA
6,-0.05486547243762084,-0.3731143369353315,0.2633833920600898,US IP SA,US CPI SA
7,-0.1411351385191679,-0.4598373438667308,0.177567066828395,US IP SA,US CPI SA
8,-0.007677148693448432,-0.33058135925879545,0.3152270618718986,US IP SA,US CPI SA
9,-0.20615948243586213,-0.5244930031735426,0.11217403830181832,US IP SA,US CPI SA
10,-0.057437048728280975,-0.37028623580523673,0.25541213834867477,US IP SA,US CPI SA
11,0.09157338396736014,-0.20993029614710662,0.3930770640818269,US IP SA,US CPI SA
12,-0.10263106817533948,-0.39105783359932156,0.18579569724864262,US IP SA,US CPI SA
13,0.16154223074704116,-0.12749027650135725,0.45057473799543957,US IP SA,US CPI SA
14,0.06587892018269835,-0.20798961835380803,0.33974745871920475,US IP SA,US CPI SA
15,-0.04365555435266458,-0.3073088238664504,0.21999771516112124,US IP SA,US CPI SA
16,0.15945807696416187,-0.0919571159650584,0.41087326989338213,US IP SA,US CPI SA
17,0.013118966755632885,-0.23697713088074235,0.26321506439200815,US IP SA,US CPI SA
18,-0.03440079761997282,-0.2720360075321192,0.20323441229217354,US IP SA,US CPI SA
19,0.0361731769068314,-0.19718858095347197,0.2695349347671348,US IP SA,US CPI SA
20,-0.13056207720435944,-0.3490653424379532,0.08794118802923426,US IP SA,US CPI SA
0,1.0,1.0,1.0,US IP SA,US IP SA
1,0.48700496251989145,0.21680097218757954,0.7572089528522034,US IP SA,US IP SA
2,0.33742054830068996,-0.001222758164474036,0.676063854765854,US IP SA,US IP SA
3,0.10939311883847248,-0.21161330893559088,0.4303995466125358,US IP SA,US IP SA
4,-0.27148277030929574,-0.5728082624539446,0.029842721835353025,US IP SA,US IP SA
5,-0.27080714545427637,-0.5758402080242884,0.03422591711573558,US IP SA,US IP SA
6,-0.20411247127485171,-0.5308343367923156,0.12260939424261214,US IP SA,US IP SA
7,-0.3221642078126453,-0.635193353666555,-0.009135061958735535,US IP SA,US IP SA
8,-0.1236903784970945,-0.44241214418688535,0.1950313871926964,US IP SA,US IP SA
9,0.039551118619445776,-0.2825493320167423,0.36165156925563385,US IP SA,US IP SA
10,0.06660026240693918,-0.2683030981388642,0.40150362295274256,US IP SA,US IP SA
11,0.2418688247286613,-0.084919896708157,0.5686575461654796,US IP SA,US IP SA
12,0.22978380434847884,-0.08301751102933119,0.5425851197262889,US IP SA,US IP SA
13,0.021748581941958507,-0.2855324409150719,0.3290296047989889,US IP SA,US IP SA
14,0.028162458477311778,-0.26929615854492034,0.32562107549954394,US IP SA,US IP SA
15,-0.12964747813419564,-0.42129687435792357,0.1620019180895323,US IP SA,US IP SA
16,-0.1659375807092645,-0.45439231987973305,0.12251715846120403,US IP SA,US IP SA
17,-0.0461283408869039,-0.3284000612255321,0.23614337945172428,US IP SA,US IP SA
18,-0.01468844092419009,-0.292068659602625,0.26269177775424485,US IP SA,US IP SA
19,0.029366025949897394,-0.23627481281879342,0.2950068647185882,US IP SA,US IP SA
20,0.06554465593007477,-0.19278902417519547,0.323878336035345,US IP SA,US IP SA
0,0.0,0.0,0.0,US IP SA,US UE SA
1,-0.24279272089535342,-0.3643181059706768,-0.12126733582003,US IP SA,US UE SA
2,-0.043147478877352353,-0.2179543880097946,0.13165943025508992,US IP SA,US UE SA
3,-0.02509883727901442,-0.18994923383464402,0.1397515592766152,US IP SA,US UE SA
4,-0.06199758912124582,-0.21030718345230542,0.0863120052098138,US IP SA,US UE SA
5,0.037332231429463375,-0.11789070055486336,0.19255516341379011,US IP SA,US UE SA
6,-0.050377419523320574,-0.2129250462196673,0.11217020717302613,US IP SA,US UE SA
7,0.0998352515728444,-0.0594762483089612,0.25914675145465,US IP SA,US UE SA
8,0.09565972656976066,-0.05760198448233059,0.2489214376218519,US IP SA,US UE SA
9,0.07410756590021086,-0.07506069998480075,0.22327583178522248,US IP SA,US UE SA
10,0.11843906056255873,-0.029820607223305484,0.26669872834842295,US IP SA,US UE SA
11,-0.07494174448750535,-0.2255645141549002,0.0756810251798895,US IP SA,US UE SA
12,-0.07351782917383684,-0.21183774800522998,0.0648020896575563,US IP SA,US UE SA
13,-0.07029574852739945,-0.20305720091559687,0.06246570386079797,US IP SA,US UE SA
14,-0.11247207454123843,-0.23773411713165005,0.012789968049173192,US IP SA,US UE SA
15,0.014840816506243883,-0.10865799051811731,0.13833962353060508,US IP SA,US UE SA
16,0.04123066617883174,-0.08140192537763853,0.16386325773530203,US IP SA,US UE SA
17,0.046191603243769974,-0.07137475758389843,0.1637579640714384,US IP SA,US UE SA
18,0.0499734835965911,-0.06140051518937601,0.16134748238255822,US IP SA,US UE SA
19,0.02039455735159273,-0.08992314982747109,0.13071226453065654,US IP SA,US UE SA
20,-0.0184889590003697,-0.12730521495214078,0.09032729695140138,US IP SA,US UE SA
0,0.0,0.0,0.0,US IP SA,USDebt SA
1,2.5141147714305254,-12.614648648679946,17.642878191540998,US IP SA,USDebt SA
2,0.6237251347058259,-17.705819752717716,18.953270022129367,US IP SA,USDebt SA
3,9.203260505911441,-7.102722876362947,25.50924388818583,US IP SA,USDebt SA
4,-16.63300897558793,-32.666083851816474,-0.5999340993593876,US IP SA,USDebt SA
5,16.040751623575055,-1.7681278289109628,33.84963107606107,US IP SA,USDebt SA
6,-10.327028240099354,-29.659841343183373,9.005784862984664,US IP SA,USDebt SA
7,6.422530409678298,-12.087036558026298,24.932097377382895,US IP SA,USDebt SA
8,2.4385749954169076,-15.487234888639314,20.36438487947313,US IP SA,USDebt SA
9,-3.5931459305755578,-20.539998576517768,13.353706715366654,US IP SA,USDebt SA
10,-3.933703097945287,-20.81136271384638,12.943956517955804,US IP SA,USDebt SA
11,-1.126860320939243,-16.847797046447063,14.594076404568575,US IP SA,USDebt SA
12,2.256986917230805,-12.201409585813098,16.71538342027471,US IP SA,USDebt SA
13,-2.2692266078346925,-15.74341071745968,11.204957501790295,US IP SA,USDebt SA
14,6.171590807864872,-6.211357284223904,18.55453889995365,US IP SA,USDebt SA
15,-0.8722318107436067,-12.133969166292111,10.389505544804898,US IP SA,USDebt SA
16,-3.4456533334783344,-14.215047082189205,7.323740415232535,US IP SA,USDebt SA
17,3.014613945400882,-7.029997828676144,13.059225719477908,US IP SA,USDebt SA
18,-3.094008521697118,-12.36411694762517,6.176099904230934,US IP SA,USDebt SA
19,1.4733128238334534,-7.180817441225383,10.127443088892289,US IP SA,USDebt SA
20,1.2949288525793627,-6.725137228099008,9.314994933257733,US IP SA,USDebt SA
0,0.0,0.0,0.0,US IP SA,USDXY SA
1,-0.5352866581208902,-1.4420270048215298,0.37145368857974936,US IP SA,USDXY SA
2,0.667888068619599,-0.3221509448647184,1.6579270821039165,US IP SA,USDXY SA
3,0.6914817138024913,-0.2673779843008719,1.6503414119058546,US IP SA,USDXY SA
4,-0.1326221499486433,-1.0308397483862142,0.7655954484889275,US IP SA,USDXY SA
5,0.018173640352062814,-0.9164320227280123,0.9527793034321379,US IP SA,USDXY SA
6,0.20087414613466148,-0.7041736512934013,1.1059219435627243,US IP SA,USDXY SA
7,-0.46799756847242796,-1.409025571133617,0.47303043418876106,US IP SA,USDXY SA
8,0.430328125531377,-0.5005917055082444,1.3612479565709985,US IP SA,USDXY SA
9,0.33999815741006256,-0.5624882955177272,1.2424846103378524,US IP SA,USDXY SA
10,-0.2812399397175658,-1.1411139860940294,0.5786341066588978,US IP SA,USDXY SA
11,0.0112766855842793,-0.8229850171900329,0.8455383883585915,US IP SA,USDXY SA
12,-0.15423679313618077,-0.934633433867958,0.6261598475955965,US IP SA,USDXY SA
13,-0.5192135961330292,-1.2981911256097214,0.2597639333436631,US IP SA,USDXY SA
14,0.11714475804076432,-0.6025938787792433,0.8368833948607719,US IP SA,USDXY SA
15,0.1550157557594837,-0.5423183701825196,0.852349881701487,US IP SA,USDXY SA
16,0.018620263993477187,-0.6351590933363119,0.6723996213232662,US IP SA,USDXY SA
17,0.4439205778299662,-0.20768757554065143,1.095528731200584,US IP SA,USDXY SA
18,0.21164856151050737,-0.4155224695156564,0.8388195925366712,US IP SA,USDXY SA
19,-0.07516483168589255,-0.6812586219114842,0.530928958539699,US IP SA,USDXY SA
20,0.04754207635558437,-0.5389515712226821,0.6340357239338509,US IP SA,USDXY SA
0,0.0,0.0,0.0,US UE SA,3M TBill SA
1,0.031248804760738314,-0.11093766413033666,0.1734352736518133,US UE SA,3M TBill SA
2,-0.05982203588347565,-0.21178011632671526,0.09213604455976396,US UE SA,3M TBill SA
3,-0.061154060326155564,-0.19590745275357607,0.07359933210126496,US UE SA,3M TBill SA
4,-0.14777555873246545,-0.28155221415790016,-0.013998903307030741,US UE SA,3M TBill SA
5,-0.12033389674456474,-0.2654305413405852,0.024762747851455685,US UE SA,3M TBill SA
6,-0.1130013292824919,-0.2659618625686996,0.03995920400371575,US UE SA,3M TBill SA
7,-0.041925059318505264,-0.16010693161461811,0.07625681297760759,US UE SA,3M TBill SA
8,0.03468626240769682,-0.07916663491317277,0.1485391597285664,US UE SA,3M TBill SA
9,0.05394543582503224,-0.040665975150289344,0.1485568468003538,US UE SA,3M TBill SA
10,0.07532554795378704,-0.016793773492832467,0.16744486940040654,US UE SA,3M TBill SA
11,0.044422246143865085,-0.05496168908267751,0.14380618137040768,US UE SA,3M TBill SA
12,0.013861881210198792,-0.0801438094316366,0.10786757185203419,US UE SA,3M TBill SA
13,-0.0015797025861277736,-0.09234537864969733,0.08918597347744178,US UE SA,3M TBill SA
14,-0.015486296367309147,-0.10286916233703829,0.07189656960241998,US UE SA,3M TBill SA
15,0.005071589082514279,-0.07505985780327815,0.0852030359683067,US UE SA,3M TBill SA
16,0.011263627808560737,-0.06563255339455196,0.08815980901167342,US UE SA,3M TBill SA
17,0.029869403659643034,-0.04245417580779119,0.10219298312707727,US UE SA,3M TBill SA
18,-0.0008115146498391158,-0.0736540746692797,0.07203104536960148,US UE SA,3M TBill SA
19,-0.00813756584358473,-0.0798037868186639,0.06352865513149444,US UE SA,3M TBill SA
20,-0.029078135286023876,-0.10149095605851384,0.04333468548646609,US UE SA,3M TBill SA
0,0.0,0.0,0.0,US UE SA,US CPI SA
1,0.3417573982455166,-0.25816461363921267,0.9416794101302459,US UE SA,US CPI SA
2,-0.5912548507052572,-1.271096195235141,0.08858649382462658,US UE SA,US CPI SA
3,-0.16255329349873537,-0.8306827118343639,0.5055761248368932,US UE SA,US CPI SA
4,-0.12859192087078758,-0.7581912133435484,0.5010073716019734,US UE SA,US CPI SA
5,-0.0898939596525648,-0.7585769777595939,0.5787890584544644,US UE SA,US CPI SA
6,0.4725840321195305,-0.20611556644300022,1.151283630682061,US UE SA,US CPI SA
7,0.23749582592061597,-0.43927335036551934,0.9142650022067513,US UE SA,US CPI SA
8,0.36551062316381633,-0.3308261001580325,1.0618473464856653,US UE SA,US CPI SA
9,-0.13663417554421614,-0.8342020203421832,0.560933669253751,US UE SA,US CPI SA
10,-0.10102562273531211,-0.771240028066905,0.5691887825962807,US UE SA,US CPI SA
11,-0.21429903043462528,-0.8668933309187294,0.4382952700494789,US UE SA,US CPI SA
12,-0.2933083224133512,-0.9292020225081137,0.34258537768141123,US UE SA,US CPI SA
13,0.0377493751409467,-0.5602251643626728,0.6357239146445661,US UE SA,US CPI SA
14,-0.049120783811437585,-0.6312705990576797,0.5330290314348045,US UE SA,US CPI SA
15,0.06699017526213252,-0.4722824748582209,0.606262825382486,US UE SA,US CPI SA
16,0.12715249842844015,-0.39677284930840195,0.6510778461652822,US UE SA,US CPI SA
17,0.12847100258421146,-0.3798267626872121,0.6367687678556351,US UE SA,US CPI SA
18,0.027400820416751966,-0.4639161275072081,0.518717768340712,US UE SA,US CPI SA
19,0.04196595503860237,-0.4279702309153959,0.5119021409926007,US UE SA,US CPI SA
20,0.024689471386286924,-0.3965713156675096,0.4459502584400834,US UE SA,US CPI SA
0,0.0,0.0,0.0,US UE SA,US IP SA
1,0.6035851969160642,0.03959417438375512,1.1675762194483732,US UE SA,US IP SA
2,0.38259805685260323,-0.2840444178421668,1.0492405315473732,US UE SA,US IP SA
3,-0.3181735053947595,-0.9113737521180568,0.27502674132853777,US UE SA,US IP SA
4,0.19114867381544912,-0.39623518928051893,0.7785325369114171,US UE SA,US IP SA
5,-0.8735254828593818,-1.5038991889334659,-0.24315177678529765,US UE SA,US IP SA
6,-0.002586412353105527,-0.6728185392244619,0.6676457145182508,US UE SA,US IP SA
7,0.06519593241645856,-0.5774122955567202,0.7078041603896374,US UE SA,US IP SA
8,-0.11527540544714533,-0.7859257324919884,0.5553749215976977,US UE SA,US IP SA
9,0.6818778687309919,-0.004304716874323877,1.3680604543363075,US UE SA,US IP SA
10,0.04408403060446231,-0.6526467310905286,0.7408147922994532,US UE SA,US IP SA
11,0.11917438369107516,-0.551373960297546,0.7897227276796963,US UE SA,US IP SA
12,0.14901412241065617,-0.5155527021227132,0.8135809469440255,US UE SA,US IP SA
13,-0.469406279107914,-1.09837930265806,0.15956674444223207,US UE SA,US IP SA
14,0.0788892009281047,-0.5561109600423905,0.7138893618985999,US UE SA,US IP SA
15,-0.1081386125324231,-0.7096656617587079,0.4933884366938618,US UE SA,US IP SA
16,0.0726766320685387,-0.533972522739081,0.6793257868761584,US UE SA,US IP SA
17,0.3219955842361703,-0.27919493966695635,0.9231861081392969,US UE SA,US IP SA
18,0.035680437552568584,-0.5548790232684635,0.6262398983736006,US UE SA,US IP SA
19,0.025778039553537215,-0.5110848402779364,0.5626409193850108,US UE SA,US IP SA
20,-0.20192309881074333,-0.7066776512142238,0.3028314535927371,US UE SA,US IP SA
0,1.0,1.0,1.0,US UE SA,US UE SA
1,-0.4984984514962931,-0.7521557942615531,-0.2448411087310331,US UE SA,US UE SA
2,0.05528361855621416,-0.31283068304118705,0.4233979201536154,US UE SA,US UE SA
3,-0.020462999243264543,-0.3711794565254285,0.3302534580388994,US UE SA,US UE SA
4,-0.5718822618261511,-0.8941355595566856,-0.2496289640956167,US UE SA,US UE SA
5,0.22353127286276891,-0.12144915600665901,0.5685117017321968,US UE SA,US UE SA
6,-0.027909201918004,-0.384671619251334,0.328853215415326,US UE SA,US UE SA
7,0.05139606988821116,-0.2974907880549036,0.4002829278313259,US UE SA,US UE SA
8,0.23676013528874817,-0.10940254194438614,0.5829228125218825,US UE SA,US UE SA
9,-0.06356624965138147,-0.4101078549254307,0.2829753556226678,US UE SA,US UE SA
10,-0.010778763269027714,-0.3456773257013941,0.32411979916333866,US UE SA,US UE SA
11,-0.15128965648990458,-0.48622501097519966,0.18364569799539046,US UE SA,US UE SA
12,-0.11352656324536918,-0.42806313058228845,0.20101000409155007,US UE SA,US UE SA
13,0.036360883778026556,-0.2647265238163495,0.33744829137240256,US UE SA,US UE SA
14,0.011153740635392144,-0.2728244891335135,0.2951319704042978,US UE SA,US UE SA
15,0.13467923560134623,-0.14899638859251188,0.41835485979520437,US UE SA,US UE SA
16,0.0794374122177444,-0.20058186595677413,0.35945669039226297,US UE SA,US UE SA
17,-0.042835014314138393,-0.3103551664887036,0.22468513786042682,US UE SA,US UE SA
18,-0.0673277694502705,-0.3256193946343232,0.1909638557337822,US UE SA,US UE SA
19,-0.0720723624813981,-0.3235295585460551,0.1793848335832589,US UE SA,US UE SA
20,-0.08884287548462849,-0.32263503429172247,0.1449492833224655,US UE SA,US UE SA
0,0.0,0.0,0.0,US UE SA,USDebt SA
1,-2.7296229150017672,-34.30756793522063,28.8483221052171,US UE SA,USDebt SA
2,3.1980539112524835,-37.395487219251415,43.79159504175639,US UE SA,USDebt SA
3,5.914985877765028,-33.35035840806334,45.180330163593396,US UE SA,USDebt SA
4,-12.770495544060077,-50.81359395006085,25.272602861940697,US UE SA,USDebt SA
5,39.95930906005925,-1.1689527809117592,81.08757090103026,US UE SA,USDebt SA
6,-50.28638478362351,-94.8640055542269,-5.708764013020108,US UE SA,USDebt SA
7,36.55471324110355,-7.537025558617742,80.64645204082484,US UE SA,USDebt SA
8,-24.544472104086513,-68.22065787139962,19.131713663226602,US UE SA,USDebt SA
9,3.0397326535552587,-40.43504968538677,46.5145149924973,US UE SA,USDebt SA
10,8.006885811368452,-33.7991498722447,49.812921494981595,US UE SA,USDebt SA
11,-2.766412204774525,-43.25941278960937,37.72658838006032,US UE SA,USDebt SA
12,15.787172335410517,-21.92397405393268,53.498318724753716,US UE SA,USDebt SA
13,-12.643211655582679,-47.893495557055246,22.607072245889885,US UE SA,USDebt SA
14,7.33595002969688,-25.716271353331955,40.38817141272572,US UE SA,USDebt SA
15,-9.995477327345073,-41.55373204444503,21.562777389754878,US UE SA,USDebt SA
16,-12.53424782376506,-41.621952958769555,16.553457311239438,US UE SA,USDebt SA
17,11.225204019939273,-15.355874687162874,37.80628272704142,US UE SA,USDebt SA
18,-6.777565271177764,-31.48862195057301,17.93349140821748,US UE SA,USDebt SA
19,8.856159793125467,-14.855952278795407,32.56827186504634,US UE SA,USDebt SA
20,6.6209399215131155,-14.749803366041824,27.991683209068057,US UE SA,USDebt SA
0,0.0,0.0,0.0,US UE SA,USDXY SA
1,-0.9477446979671799,-2.8403644726716686,0.9448750767373088,US UE SA,USDXY SA
2,1.0127667924984678,-0.9308172844912432,2.956350869488179,US UE SA,USDXY SA
3,-0.2862964293661323,-2.110064173973293,1.5374713152410282,US UE SA,USDXY SA
4,-0.7164091046111531,-2.5229524010741313,1.0901341918518253,US UE SA,USDXY SA
5,-0.14371148504726003,-2.0453322340372484,1.7579092639427283,US UE SA,USDXY SA
6,-0.14140559316709234,-1.9870053559662761,1.7041941696320915,US UE SA,USDXY SA
7,0.10861036130832036,-1.7828349345439367,2.0000556571605776,US UE SA,USDXY SA
8,1.6523495621095163,-0.3097891404537947,3.6144882646728274,US UE SA,USDXY SA
9,0.9098174465078632,-0.9649821956508711,2.7846170886665975,US UE SA,USDXY SA
10,0.10037840036751067,-1.7912954893133435,1.9920522900483646,US UE SA,USDXY SA
11,-0.6982460086672552,-2.511602864371602,1.115110847037092,US UE SA,USDXY SA
12,-1.0661435009483777,-2.872605304665437,0.7403183027686815,US UE SA,USDXY SA
13,-1.5620130659554603,-3.281279431191629,0.15725329928070853,US UE SA,USDXY SA
14,-0.18032535908046102,-1.8835142185168001,1.5228635003558781,US UE SA,USDXY SA
15,0.655704266357308,-0.9922230149586102,2.303631547673226,US UE SA,USDXY SA
16,0.5183330397879069,-1.0878110737851998,2.1244771533610134,US UE SA,USDXY SA
17,1.1450116283986898,-0.36484378516052507,2.6548670419579046,US UE SA,USDXY SA
18,0.42901135429414916,-1.040323020576137,1.8983457291644352,US UE SA,USDXY SA
19,-0.5404466870768253,-1.963442023321961,0.8825486491683104,US UE SA,USDXY SA
20,-0.22962369388665788,-1.5533723458094253,1.0941249580361097,US UE SA,USDXY SA
0,0.0,0.0,0.0,USDebt SA,3M TBill SA
1,0.0005924013262448663,-0.0004136338426449722,0.001598436495134705,USDebt SA,3M TBill SA
2,-0.0003669347252841406,-0.001467496297670783,0.0007336268471025017,USDebt SA,3M TBill SA
3,0.00015178032721672161,-0.0009244286831123492,0.0012279893375457924,USDebt SA,3M TBill SA
4,5.10486559715781e-05,-0.0010261237210918103,0.0011282210330349663,USDebt SA,3M TBill SA
5,0.0005118967672304833,-0.0006464420566707325,0.001670235591131699,USDebt SA,3M TBill SA
6,-0.0008858240536928368,-0.001992865865267932,0.00022121775788225858,USDebt SA,3M TBill SA
7,-0.0008705624960469489,-0.001800765966487984,5.964097439408605e-05,USDebt SA,3M TBill SA
8,4.7607083802345346e-05,-0.0007762508416328485,0.0008714650092375392,USDebt SA,3M TBill SA
9,0.00020456761534539043,-0.0005268654822074205,0.0009360007128982014,USDebt SA,3M TBill SA
10,0.000528694556743238,-0.00019697840965116216,0.0012543675231376382,USDebt SA,3M TBill SA
11,0.00032132821084722603,-0.0004314487722463367,0.0010741051939407889,USDebt SA,3M TBill SA
12,0.00017221238240116673,-0.0005900453883975678,0.0009344701531999013,USDebt SA,3M TBill SA
13,2.984159874137404e-06,-0.0007451661297123731,0.0007511344494606479,USDebt SA,3M TBill SA
14,-0.00016373989733297023,-0.0008810636048281965,0.0005535838101622559,USDebt SA,3M TBill SA
15,-2.180519223167751e-05,-0.0006635799417789885,0.0006199695573156336,USDebt SA,3M TBill SA
16,0.00011306588749925005,-0.000485016271196355,0.0007111480461948551,USDebt SA,3M TBill SA
17,1.9403618812667656e-05,-0.000542018046601368,0.0005808252842267032,USDebt SA,3M TBill SA
18,-0.00012050640467440209,-0.0006621304543322953,0.00042111764498349114,USDebt SA,3M TBill SA
19,-0.0001706342285381245,-0.0006917764761141619,0.0003505080190379129,USDebt SA,3M TBill SA
20,-0.0001686532983716588,-0.0006866091405586564,0.0003493025438153388,USDebt SA,3M TBill SA
0,0.0,0.0,0.0,USDebt SA,US CPI SA
1,-0.004103277974358655,-0.008348004264098237,0.00014144831538092685,USDebt SA,US CPI SA
2,-0.00503414748454778,-0.009898016062715512,-0.00017027890638004767,USDebt SA,US CPI SA
3,0.002006173063140993,-0.003028223510414855,0.007040569636696841,USDebt SA,US CPI SA
4,-0.0005592612483066432,-0.005422226452658448,0.004303703956045162,USDebt SA,US CPI SA
5,0.005192000609933618,2.2068805935067035e-05,0.010361932413932169,USDebt SA,US CPI SA
6,0.0027210685131287514,-0.0025423062617799027,0.007984443288037405,USDebt SA,US CPI SA
7,-0.00064973420763559,-0.0059527274818332795,0.0046532590665620994,USDebt SA,US CPI SA
8,0.003118563827295877,-0.002084172868705763,0.008321300523297517,USDebt SA,US CPI SA
9,-1.874696728373362e-05,-0.005300780704295726,0.005263286769728259,USDebt SA,US CPI SA
10,-0.0009163220677020473,-0.005946102595215705,0.004113458459811609,USDebt SA,US CPI SA
11,-0.0004707831143902692,-0.005335729463478206,0.004394163234697669,USDebt SA,US CPI SA
12,-0.004903211103487954,-0.009693274035059752,-0.0001131481719161562,USDebt SA,US CPI SA
13,-0.002493467055689086,-0.007115776082641146,0.0021288419712629752,USDebt SA,US CPI SA
14,-0.0009077258547767205,-0.005273636151905262,0.0034581844423518205,USDebt SA,US CPI SA
15,0.0009756663847819458,-0.003268386877353642,0.005219719646917534,USDebt SA,US CPI SA
16,0.0036395688873374363,-0.0005591032475764776,0.00783824102225135,USDebt SA,US CPI SA
17,0.002024383543998156,-0.00211573809020013,0.006164505178196442,USDebt SA,US CPI SA
18,0.0011940866867814392,-0.0028462778096942573,0.005234451183257136,USDebt SA,US CPI SA
19,-7.427591728892554e-05,-0.003977887893839643,0.0038293360592617917,USDebt SA,US CPI SA
20,-0.0010183974451339753,-0.004680802476219993,0.0026440075859520424,USDebt SA,US CPI SA
0,0.0,0.0,0.0,USDebt SA,US IP SA
1,-0.006854225853870569,-0.010844723740419178,-0.0028637279673219603,USDebt SA,US IP SA
2,5.347509577842847e-05,-0.004752529388312898,0.0048594795798697545,USDebt SA,US IP SA
3,0.0019147543753579757,-0.0027256685199544472,0.006555177270670399,USDebt SA,US IP SA
4,0.0038554021716501376,-0.00088137992119257,0.008592184264492845,USDebt SA,US IP SA
5,0.004699391460835404,-0.0003445657175055747,0.009743348639176384,USDebt SA,US IP SA
6,0.0012306245895666885,-0.004074476268484555,0.006535725447617932,USDebt SA,US IP SA
7,-0.0013857522992415374,-0.006584458116407429,0.0038129535179243544,USDebt SA,US IP SA
8,-0.004525079542644533,-0.009750495607537824,0.0007003365222487583,USDebt SA,US IP SA
9,-0.001562042996236317,-0.006835752758955508,0.0037116667664828743,USDebt SA,US IP SA
10,-0.0027902546040212074,-0.008074445752775569,0.0024939365447331535,USDebt SA,US IP SA
11,0.0007198255760659977,-0.004309249822149757,0.005748900974281754,USDebt SA,US IP SA
12,0.001632974723857714,-0.00347951158155263,0.006745461029268058,USDebt SA,US IP SA
13,-0.001137870848896393,-0.005934616256470109,0.0036588745586773226,USDebt SA,US IP SA
14,0.0020569410679633017,-0.002645995576168269,0.006759877712094872,USDebt SA,US IP SA
15,0.0009735071838408997,-0.003606781300068491,0.005553795667750291,USDebt SA,US IP SA
16,0.0014625739228238766,-0.0032077053310378906,0.006132853176685643,USDebt SA,US IP SA
17,0.002538752782139219,-0.00212771756265315,0.007205223126931588,USDebt SA,US IP SA
18,-0.0006971851598029756,-0.00534511979267924,0.003950749473073288,USDebt SA,US IP SA
19,-0.0008612907300696306,-0.005292572447546944,0.003569990987407683,USDebt SA,US IP SA
20,-0.002043303019914601,-0.006220670735376262,0.00213406469554706,USDebt SA,US IP SA
0,0.0,0.0,0.0,USDebt SA,US UE SA
1,0.004476594249505827,0.002681850982729236,0.006271337516282418,USDebt SA,US UE SA
2,0.002026752087965325,-0.0005827883920434306,0.00463629256797408,USDebt SA,US UE SA
3,-0.001397289698767582,-0.00394898992945889,0.0011544105319237258,USDebt SA,US UE SA
4,-0.001845091764670698,-0.004295673436683839,0.0006054899073424432,USDebt SA,US UE SA
5,-0.0018303665722658007,-0.004411084055009692,0.0007503509104780908,USDebt SA,US UE SA
6,-0.003083504420710463,-0.00576671625767817,-0.00040029258374275553,USDebt SA,US UE SA
7,0.0008025771135446477,-0.0019166858507690954,0.0035218400778583908,USDebt SA,US UE SA
8,0.001954140388159927,-0.000674977815463097,0.0045832585917829505,USDebt SA,US UE SA
9,2.993349377136261e-05,-0.0024957172763810202,0.0025555842639237453,USDebt SA,US UE SA
10,0.0022801297012845557,-0.00018312272537838624,0.004743382127947497,USDebt SA,US UE SA
11,-0.0005472449301242284,-0.003030490383613336,0.0019360005233648792,USDebt SA,US UE SA
12,-0.0007413452418798624,-0.0030865907396337958,0.0016039002558740707,USDebt SA,US UE SA
13,0.0007021576716859502,-0.0015010801437916957,0.0029053954871635958,USDebt SA,US UE SA
14,-0.00036989750950396235,-0.002428380744839525,0.0016885857258316006,USDebt SA,US UE SA
15,0.00018863505507050654,-0.0018707372514296264,0.0022480073615706395,USDebt SA,US UE SA
16,-0.00015271784703123977,-0.002185490753797293,0.0018800550597348135,USDebt SA,US UE SA
17,-0.0007633982057207679,-0.0027969476556490825,0.0012701512442075467,USDebt SA,US UE SA
18,-0.000548179198693008,-0.0024686429739033807,0.0013722845765173645,USDebt SA,US UE SA
19,-0.0004029706790392507,-0.0022766693866109887,0.0014707280285324873,USDebt SA,US UE SA
20,-9.110836677658821e-05,-0.001831599272374514,0.0016493825388213376,USDebt SA,US UE SA
0,1.0,1.0,1.0,USDebt SA,USDebt SA
1,-0.7523730486543391,-0.9758016456184208,-0.5289444516902574,USDebt SA,USDebt SA
2,0.0611839057896032,-0.22396275569320467,0.34633056727241107,USDebt SA,USDebt SA
3,-0.1133442051291948,-0.38805376220964877,0.16136535195125917,USDebt SA,USDebt SA
4,-0.3540718033667392,-0.6233183417645063,-0.08482526496897219,USDebt SA,USDebt SA
5,0.38327008327178214,0.09787890927205845,0.6686612572715058,USDebt SA,USDebt SA
6,0.013080342938960543,-0.2947587007996828,0.3209193866776039,USDebt SA,USDebt SA
7,0.07507920175562668,-0.24235948894235734,0.3925178924536107,USDebt SA,USDebt SA
8,-0.05730101010066191,-0.3559695123768874,0.24136749217556358,USDebt SA,USDebt SA
9,-0.049022435194525725,-0.3355382680628329,0.23749339767378144,USDebt SA,USDebt SA
10,0.050149718847368865,-0.22886252726410267,0.32916196495884037,USDebt SA,USDebt SA
11,-0.05230247158917149,-0.32847783450483153,0.22387289132648852,USDebt SA,USDebt SA
12,0.10517412348109817,-0.14342868651638355,0.35377693347857986,USDebt SA,USDebt SA
13,-0.03727848654451508,-0.2609859734024992,0.186429000313469,USDebt SA,USDebt SA
14,-0.02372096253406612,-0.23401317929253057,0.18657125422439835,USDebt SA,USDebt SA
15,-0.03558572593050987,-0.2392021734880282,0.16803072162700844,USDebt SA,USDebt SA
16,-0.03530566482187662,-0.2296259941793718,0.15901466453561858,USDebt SA,USDebt SA
17,0.021817134153344304,-0.15626573639827623,0.19990000470496483,USDebt SA,USDebt SA
18,-0.025167454631078636,-0.1908803209193518,0.14054541165719453,USDebt SA,USDebt SA
19,0.06108243372195234,-0.09442057319104237,0.21658544063494706,USDebt SA,USDebt SA
20,0.004811645246811363,-0.1355508009407777,0.1451740914344004,USDebt SA,USDebt SA
0,0.0,0.0,0.0,USDebt SA,USDXY SA
1,-0.013116992005748885,-0.026508154115187803,0.0002741701036900312,USDebt SA,USDXY SA
2,-0.00756843620661158,-0.021614335639313427,0.006477463226090269,USDebt SA,USDXY SA
3,-0.006314582017542892,-0.020841684217137998,0.008212520182052215,USDebt SA,USDXY SA
4,-0.002320050607082984,-0.016726304273397392,0.012086203059231424,USDebt SA,USDXY SA
5,0.01018419640310956,-0.0052081145493999784,0.025576507355619095,USDebt SA,USDXY SA
6,0.009005039664807372,-0.006334041266094241,0.024344120595708986,USDebt SA,USDXY SA
7,0.009609927617285253,-0.005938936600549057,0.025158791835119564,USDebt SA,USDXY SA
8,0.0015792502710261468,-0.013637558465212573,0.016796059007264864,USDebt SA,USDXY SA
9,-0.005305992482751076,-0.02043247578905069,0.009820490823548538,USDebt SA,USDXY SA
10,-0.0018760058445909953,-0.016624360937282142,0.01287234924810015,USDebt SA,USDXY SA
11,-0.0016582284175116991,-0.015980057818995395,0.012663600983971998,USDebt SA,USDXY SA
12,-0.0017832097812297268,-0.015136938070313181,0.011570518507853726,USDebt SA,USDXY SA
13,0.0011135380970703425,-0.011824352436467933,0.014051428630608617,USDebt SA,USDXY SA
14,-0.0039003590083787143,-0.016262217104775118,0.008461499088017688,USDebt SA,USDXY SA
15,-0.005365071358962666,-0.017065119446044573,0.006334976728119241,USDebt SA,USDXY SA
16,-0.0011809346461891489,-0.012562006928067821,0.010200137635689523,USDebt SA,USDXY SA
17,0.002961174663325082,-0.00832015264160375,0.014242501968253912,USDebt SA,USDXY SA
18,0.005292481763942054,-0.0057438178820865445,0.01632878140997065,USDebt SA,USDXY SA
19,0.006132228313301034,-0.0041202798578394515,0.01638473648444152,USDebt SA,USDXY SA
20,0.0022198144058696587,-0.0076537152074393185,0.012093344019178637,USDebt SA,USDXY SA
0,0.0,0.0,0.0,USDXY SA,3M TBill SA
1,0.0002924326570542276,-0.017446162832134928,0.018031028146243386,USDXY SA,3M TBill SA
2,-0.003185747876131212,-0.02306532471161208,0.016693828959349656,USDXY SA,3M TBill SA
3,0.00023847444671243594,-0.018973355381728764,0.019450304275153638,USDXY SA,3M TBill SA
4,-0.004485772061428302,-0.024219194830968762,0.015247650708112157,USDXY SA,3M TBill SA
5,0.0014769519442910843,-0.019989637235562917,0.022943541124145084,USDXY SA,3M TBill SA
6,-0.002913732002811536,-0.02537263004739764,0.019545166041774573,USDXY SA,3M TBill SA
7,-0.001951910309131139,-0.02186905342187397,0.017965232803611692,USDXY SA,3M TBill SA
8,-0.0001423690190431922,-0.01651225557788815,0.01622751753980177,USDXY SA,3M TBill SA
9,0.0036525172654196403,-0.009801970373974546,0.017107004904813827,USDXY SA,3M TBill SA
10,0.002830467826636672,-0.008836613301493188,0.014497548954766532,USDXY SA,3M TBill SA
11,0.0012870782179089187,-0.009420577156600721,0.011994733592418559,USDXY SA,3M TBill SA
12,-0.0033617635836502235,-0.013112072409253356,0.006388545241952908,USDXY SA,3M TBill SA
13,-0.003972950346237541,-0.013389585717898361,0.005443685025423279,USDXY SA,3M TBill SA
14,-0.0019640737855077654,-0.01116760690062276,0.007239459329607231,USDXY SA,3M TBill SA
15,-0.0005673804971910684,-0.009799256998622684,0.008664496004240546,USDXY SA,3M TBill SA
16,0.0004931980786244579,-0.008349788149590554,0.00933618430683947,USDXY SA,3M TBill SA
17,0.002775363400237852,-0.005016673199137256,0.01056739999961296,USDXY SA,3M TBill SA
18,0.0011457840152296864,-0.005446519302849957,0.007738087333309331,USDXY SA,3M TBill SA
19,0.0007109787733463324,-0.005477522517252841,0.0068994800639455055,USDXY SA,3M TBill SA
20,0.0011771163063550593,-0.005082745987076819,0.0074369785997869375,USDXY SA,3M TBill SA
0,0.0,0.0,0.0,USDXY SA,US CPI SA
1,-0.09344894919749994,-0.16829273691429109,-0.0186051614807088,USDXY SA,US CPI SA
2,0.0019611009451872274,-0.0846231551178252,0.08854535700819965,USDXY SA,US CPI SA
3,0.0040430267138270685,-0.08307650122823101,0.09116255465588516,USDXY SA,US CPI SA
4,0.010731647913919565,-0.07343254846143775,0.09489584428927687,USDXY SA,US CPI SA
5,0.07210753566160082,-0.015275153540172046,0.15949022486337366,USDXY SA,US CPI SA
6,-0.07013277020852167,-0.15961374969490527,0.01934820927786192,USDXY SA,US CPI SA
7,-0.049490357291904305,-0.13619119838234903,0.03721048379854042,USDXY SA,US CPI SA
8,-4.3944924488814466e-05,-0.0852015514139941,0.08511366156501649,USDXY SA,US CPI SA
9,-0.044433862073957525,-0.12658668509806656,0.03771896095015151,USDXY SA,US CPI SA
10,0.054280405052881106,-0.027799527686294234,0.13636033779205645,USDXY SA,US CPI SA
11,0.04719892535050585,-0.03195348479581954,0.12635133549683125,USDXY SA,US CPI SA
12,-0.020407386277862823,-0.09386756940371821,0.05305279684799256,USDXY SA,US CPI SA
13,0.019263414072755166,-0.051973478246887736,0.09050030639239807,USDXY SA,US CPI SA
14,-0.01191660235921267,-0.08071737850597001,0.056884173787544665,USDXY SA,US CPI SA
15,-0.016821516238396707,-0.08314719730191444,0.04950416482512102,USDXY SA,US CPI SA
16,0.016962800601597328,-0.04574113984242961,0.07966674104562427,USDXY SA,US CPI SA
17,5.4915986607688774e-05,-0.06218623527211878,0.06229606724533415,USDXY SA,US CPI SA
18,-0.018098519799685193,-0.07724817514927164,0.04105113554990125,USDXY SA,US CPI SA
19,-0.006421388373794389,-0.0626892154110668,0.049846438663478015,USDXY SA,US CPI SA
20,-0.006929896235904273,-0.059518364344375824,0.04565857187256728,USDXY SA,US CPI SA
0,0.0,0.0,0.0,USDXY SA,US IP SA
1,-0.023330577397564892,-0.09369176356570084,0.04703060877057107,USDXY SA,US IP SA
2,0.021834100887591898,-0.06457215742876943,0.10824035920395322,USDXY SA,US IP SA
3,-0.03376953748077333,-0.1166896893552728,0.04915061439372614,USDXY SA,US IP SA
4,0.07149863007908812,-0.011434950168287841,0.1544322103264641,USDXY SA,US IP SA
5,-0.02955683262023181,-0.11545515869959871,0.05634149345913509,USDXY SA,US IP SA
6,-0.004619789720929586,-0.09678100043389601,0.08754142099203685,USDXY SA,US IP SA
7,0.02235894655385796,-0.06438746981130762,0.10910536291902355,USDXY SA,US IP SA
8,-0.049862690887899457,-0.1319076637742935,0.03218228199849458,USDXY SA,US IP SA
9,0.06293397407620929,-0.019393697685763822,0.1452616458381824,USDXY SA,US IP SA
10,0.03457718066652151,-0.050473697386410825,0.11962805871945384,USDXY SA,US IP SA
11,-0.01721541008871611,-0.10023009916984599,0.06579927899241378,USDXY SA,US IP SA
12,0.055679170342448486,-0.0164885904834199,0.12784693116831686,USDXY SA,US IP SA
13,-0.051166985470459586,-0.12159492248778622,0.01926095154686705,USDXY SA,US IP SA
14,-0.03628371538978986,-0.104903949195076,0.03233651841549627,USDXY SA,US IP SA
15,0.015084776397439176,-0.05131385213921921,0.08148340493409756,USDXY SA,US IP SA
16,-0.04431152662677431,-0.10658969450035925,0.017966641246810633,USDXY SA,US IP SA
17,0.01870600128269915,-0.04263161992065293,0.08004362248605124,USDXY SA,US IP SA
18,0.020419229012651266,-0.04049268527154285,0.08133114329684538,USDXY SA,US IP SA
19,-0.015140542090902279,-0.0726955351279303,0.04241445094612574,USDXY SA,US IP SA
20,0.025626541904694426,-0.028792193172635705,0.08004527698202456,USDXY SA,US IP SA
0,0.0,0.0,0.0,USDXY SA,US UE SA
1,0.0046685832622744795,-0.026976657183372343,0.0363138237079213,USDXY SA,US UE SA
2,-0.004868930794530227,-0.05085907578346061,0.04112121419440016,USDXY SA,US UE SA
3,0.009829662118065912,-0.034085034550650185,0.053744358786782014,USDXY SA,US UE SA
4,-0.02358455137848866,-0.06381912543280288,0.01665002267582557,USDXY SA,US UE SA
5,-0.006742504839302022,-0.049675996418049526,0.036190986739445485,USDXY SA,US UE SA
6,0.013885187523656035,-0.030708387988745596,0.05847876303605767,USDXY SA,US UE SA
7,-0.002960693977411456,-0.0466565730326397,0.04073518507781679,USDXY SA,US UE SA
8,0.02292309241496638,-0.018288645728249724,0.06413483055818248,USDXY SA,US UE SA
9,-0.0027647619133566903,-0.042995042076456214,0.03746551824974283,USDXY SA,US UE SA
10,-0.018291440567217813,-0.058209537282466056,0.02162665614803043,USDXY SA,US UE SA
11,0.004697633969580593,-0.03525682027437699,0.044652088213538166,USDXY SA,US UE SA
12,-0.02583623352148207,-0.06279387844892996,0.011121411405965825,USDXY SA,US UE SA
13,6.35481355497668e-05,-0.034403898209019235,0.034530994480118773,USDXY SA,US UE SA
14,0.014865398319837173,-0.019241139363445903,0.04897193600312025,USDXY SA,US UE SA
15,-0.009244068615597862,-0.042812610639283766,0.02432447340808804,USDXY SA,US UE SA
16,0.01791456733392334,-0.015131926750817891,0.05096106141866457,USDXY SA,US UE SA
17,0.006112834751053346,-0.024691978276345884,0.03691764777845258,USDXY SA,US UE SA
18,-0.0076014902332920955,-0.03798858589976646,0.02278560543318227,USDXY SA,US UE SA
19,0.010418079247683669,-0.018998317083782454,0.03983447557914979,USDXY SA,US UE SA
20,-0.007668927335207935,-0.03616056315603903,0.020822708485623162,USDXY SA,US UE SA
0,0.0,0.0,0.0,USDXY SA,USDebt SA
1,0.5218237005990092,-3.4177100501310376,4.4613574513290555,USDXY SA,USDebt SA
2,-1.975038667071123,-6.93474477851708,2.9846674443748338,USDXY SA,USDebt SA
3,3.109341812675554,-1.482954091864923,7.701637717216031,USDXY SA,USDebt SA
4,-2.820543916114354,-7.282210182670709,1.641122350442001,USDXY SA,USDebt SA
5,2.9188610578159224,-2.0200024601288114,7.857724575760656,USDXY SA,USDebt SA
6,0.0035704144234500745,-5.324781425707673,5.3319222545545735,USDXY SA,USDebt SA
7,-0.7513629204362533,-5.863595525478036,4.360869684605531,USDXY SA,USDebt SA
8,-1.0228528067207037,-6.019878427713572,3.9741728142721646,USDXY SA,USDebt SA
9,0.19512282705198986,-4.593972056555429,4.984217710659409,USDXY SA,USDebt SA
10,0.0008399391766794606,-4.68051755855867,4.682197436912029,USDXY SA,USDebt SA
11,-0.23290187747395558,-4.5472316668848585,4.081427911936947,USDXY SA,USDebt SA
12,1.1849900334849228,-2.945794212261211,5.315774279231057,USDXY SA,USDebt SA
13,-0.5509356210152513,-4.272487979033076,3.170616737002573,USDXY SA,USDebt SA
14,-0.9409336028764568,-4.467955117911956,2.5860879121590425,USDXY SA,USDebt SA
15,1.513956260567996,-1.8271608132715769,4.855073334407569,USDXY SA,USDebt SA
16,-0.740916473579102,-3.9399990500799276,2.4581661029217234,USDXY SA,USDebt SA
17,-0.029050458792557188,-2.932231892575028,2.8741309749899138,USDXY SA,USDebt SA
18,1.1601007993653742,-1.621644789060317,3.9418463877910654,USDXY SA,USDebt SA
19,-1.4688269255116453,-4.134849874310507,1.1971960232872163,USDXY SA,USDebt SA
20,0.21522788845949603,-2.282226232438152,2.7126820093571435,USDXY SA,USDebt SA
0,1.0,1.0,1.0,USDXY SA,USDXY SA
1,0.3119082965873856,0.07579288518320962,0.5480237079915616,USDXY SA,USDXY SA
2,0.06918468641478426,-0.1837543682878367,0.3221237411174052,USDXY SA,USDXY SA
3,0.07143537245119026,-0.17192418866941034,0.3147949335717909,USDXY SA,USDXY SA
4,-0.40009267181772595,-0.6464236441906925,-0.15376169944475943,USDXY SA,USDXY SA
5,-0.21033840212121005,-0.46872973112032157,0.0480529268779015,USDXY SA,USDXY SA
6,0.21297983716138824,-0.04265125028639888,0.46861092460917536,USDXY SA,USDXY SA
7,-0.015897441029920436,-0.2691531719593655,0.23735828989952465,USDXY SA,USDXY SA
8,0.07830774668043423,-0.16678792353318367,0.32340341689405216,USDXY SA,USDXY SA
9,0.07838466783004866,-0.15868677797535782,0.3154561136354551,USDXY SA,USDXY SA
10,-0.1697481003639168,-0.4022272129893546,0.06273101226152103,USDXY SA,USDXY SA
11,-0.07233047786920221,-0.299815430346321,0.1551544746079166,USDXY SA,USDXY SA
12,0.09631107501105064,-0.11033238047287373,0.302954530494975,USDXY SA,USDXY SA
13,-0.024170425920641083,-0.22458440533969293,0.17624355349841075,USDXY SA,USDXY SA
14,0.056821266039121465,-0.1332203335011777,0.24686286557942064,USDXY SA,USDXY SA
15,0.10290041234700463,-0.08377104286804708,0.28957186756205633,USDXY SA,USDXY SA
16,-0.09079963644681714,-0.26786946335366396,0.08627019046002969,USDXY SA,USDXY SA
17,-0.001716903071232052,-0.17245911792271892,0.16902531178025484,USDXY SA,USDXY SA
18,0.04076008757049117,-0.11973369743743946,0.2012538725784218,USDXY SA,USDXY SA
19,-0.09101458403717277,-0.24685257382924336,0.06482340575489781,USDXY SA,USDXY SA
20,0.022937130363890418,-0.13052951770563345,0.1764037784334143,USDXY SA,USDXY SA
